0,﻿mua
1,cho
2,tôi
3,1000
4,cổ
5,phiếu
6,mua
7,SSI
8,với
9,giá
10,mã
11,chứng
12,khoán
13,thêm
14,khối
15,lượng
16,bán
17,ssi
18,muốn
19,lương
20,và
21,hết
22,con
23,ra
24,gom
25,vào
26,thoát
27,hàng
28,toàn
29,bộ
30,xả
31,giao
32,dịch
33,đầu
34,tư
35,triệu
36,acb
37,chi
38,cp
39,lấy
40,đặt
41,lệnh
42,số
43,cần
44,thị
45,trường
46,hôm
47,nay
48,thế
49,nào
50,rồi
51,hiện
52,đang
53,tình
54,hình
55,lên
56,xuống
57,biến
58,động
59,sao
60,diễn
61,tổng
62,quan
63,thông
64,tin
65,như
66,tích
67,cực
68,chứ
69,?
70,có
71,tiêu
72,không
73,nhiều
74,thanh
75,khoản
76,cao
77,đột
78,hay
79,thấp
80,sụt
81,giảm
82,tăng
83,ít
84,lắm
85,à
86,ổn
87,nhỉ
88,tốt
89,xem
90,của
91,kết
92,quả
93,tại
94,mở
95,cửa
96,đóng
97,qua
98,lịch
99,sử
100,cập
101,nhật
102,về
103,chung
104,cảnh
105,bao
106,quát
107,trị
108,báo
109,cáo
110,nhận
111,định
112,tức
113,nhanh
114,khớp
115,hiển
116,piếu
117,sáng
118,nhiêu
119,còn
120,những
121,loại
122,tài
123,trong
124,đuôi
125,gì
126,từng
127,cầm
128,nhất
129,giữ
130,đủ
131,nắm
132,liệt
133,kê
134,các
135,mà
136,sở
137,hữu
138,bn
139,kiểm
140,tra
141,dư
142,cố
143,nữa
144,lại
145,là
146,mấy
147,danh
148,mục
149,trạng
150,thái
151,tiền
152,nong
153,nợ
154,dữ
155,liệu
156,thúc
157,chương
158,trình
159,app
160,đi
161,ngay
162,chấm
163,dứt
164,trở
165,sau
166,nhé
167,đây
168,chào
169,tắt
170,tạm
171,biệt
172,dừng
173,bye
174,gặp
175,mai
176,nói
177,chuyện
178,hẹn
179,lúc
180,khác
181,phải
182,khỏi
183,quay
184,nên
185,để
186,tất
187,cả
188,này
189,thời
190,điểm
191,được
192,thì
193,","
194,xin
195,ý
196,kiến
197,bạn
198,nghĩ
199,sẽ
200,nhìn
201,khuyến
202,nghị
203,khuyên
204,hợp
205,lý
206,bây
207,giờ
208,đề
209,xuất
210,lướt
211,sóng
212,giai
213,đoạn
214,theo
215,làm
216,thất
217,thường
218,đã
219,chưa
220,chờ
221,bị
222,hủy
223,lệ
224,thực
225,huỷ
226,thôi
227,bỏ
228,chức
229,năng
230,chính
231,hệ
232,thống
233,ngưng
234,ngừng
235,trang
236,chủ
237,tới
238,đừng
239,MobiFone
240,hơn
241,tỉ
242,đồng
243,phát
244,triển
245,mạng
246,Thủ
247,phạm
248,ai
249,chiếc
250,điện
251,thoại
252,di
253,.
254,Theo
255,phản
256,ảnh
257,người
258,dân
259,gian
260,trước
261,tết
262,nghẽn
263,vẫn
264,xảy
265,FunRing
266,-
267,Dịch
268,vụ
269,nhạc
270,chuông
271,gọi
272,Ung
273,thư
274,liên
275,đến
276,ĐTDĐ
277,Giá
278,mỗi
279,đắt
280,một
281,ôtô
282,Mercerdes
283,!
284,Nhiều
285,nghi
286,ngờ
287,khả
288,thụ
289,sản
290,phẩm
291,""""
292,ngất
293,trời
294,VN
295,Ngoài
296,từ
297,khách
298,hoà
299,mới
300,thuê
301,trả
302,tặng
303,cơ
304,hội
305,cào
306,trúng
307,thưởng
308,thẻ
309,Phúc
310,Lộc
311,Thọ
312,giải
313,đặc
314,(
315,năm
316,dụng
317,miễn
318,phí
319,/
320,)
321,khích
322,dành
323,Chiếc
324,Motorola
325,Z
326,nắp
327,trượt
328,giới
329,thiệu
330,tiên
331,Hàn
332,Quốc
333,ngày
334,tưởng
335,chắc
336,chắn
337,rằng
338,thừa
339,sức
340,tiếp
341,nối
342,truyền
343,chạy
344,dòng
345,RAZR
346,màn
347,inch
348,bàn
349,phím
350,kim
351,chống
352,trầy
353,đầy
354,mọi
355,tính
356,cấp
357,camera
358,độ
359,phân
360,nghe
361,chơi
362,…
363,Loại
364,chip
365,dự
366,ở
367,Nhật
368,cuối
369,cũng
370,tương
371,thích
372,dạng
373,phổ
374,châu
375,Âu
376,nước
377,Á
378,Phương
379,Võ
380,AFP
381,Nihon
382,Keizai
383,Shimbun
384,Khách
385,lừa
386,nhắn
387,Các
388,đúng
389,thể
390,nguồn
391,gốc
392,Internet
393,tán
394,Tấp
395,nập
396,sắm
397,đtdđ
398,Tuy
399,nhiên
400,tiết
401,lộ
402,Bộ
403,phương
404,án
405,coi
406,thi
407,đưa
408,hoạt
409,khuôn
410,khổ
411,họ
412,nếu
413,trương
414,Nhà
415,do
416,Dù
417,vậy
418,việc
419,thắt
420,chặt
421,quản
422,ngoài
423,đảm
424,bảo
425,an
426,ninh
427,góp
428,phần
429,kiệm
430,kho
431,nguyên
432,Trong
433,trên
434,Vertu
435,Diamond
436,khoảng
437,USD
438,gắn
439,cara
440,cương
441,Hiện
442,mang
443,sân
444,mình
445,Năm
446,đánh
447,trưởng
448,chóng
449,mặt
450,nhưng
451,nhà
452,kinh
453,doanh
454,lĩnh
455,vực
456,tục
457,bùng
458,nổ
459,Kết
460,càng
461,củng
462,lớn
463,cuộc
464,nghiên
465,cứu
466,đó
467,mối
468,rõ
469,ràng
470,giữa
471,ung
472,cục
473,alô
474,Tin
475,vui
476,duy
477,mức
478,nguy
479,hiểm
480,Trojan
481,tầm
482,Nokia
483,hãng
484,lựa
485,chọn
486,Symbian
487,Symantec
488,đều
489,đường
490,Bluetooth
491,công
492,nghệ
493,dây
494,ngắn
495,đại
496,đa
497,smartphone
498,Khi
499,xâm
500,nhập
501,thành
502,nó
503,khiến
504,khởi
505,song
506,quá
507,bại
508,bởi
509,Booton
510,kịp
511,thả
512,vài
513,file
514,diệt
515,Không
516,lạc
517,chuyên
518,gia
519,mật
520,đoán
521,virus
522,vấn
523,nạn
524,đau
525,}
526,Cũng
527,cách
528,cầu
529,âm
530,đơn
531,giản
532,dễ
533,ĐIỆN
534,THOẠI
535,DI
536,ĐỘNG
537,PEBL
538,megapixel
539,sự
540,thay
541,máy
542,Với
543,cước
544,rất
545,gồm
546,đổi
547,nội
548,dung
549,:
550,tiện
551,ích
552,túi
553,Việc
554,đăng
555,ký
556,bằng
557,gửi
558,SMS
559,soạn
560,truy
561,Wap
562,hoặc
563,lời
564,tự
565,GMT
566,Do
567,cùng
568,đài
569,chia
570,thứ
571,Về
572,lưới
573,bưu
574,khai
575,thác
576,dịp
577,so
578,kỳ
579,riêng
580,kiện
581,học
582,sinh
583,viên
584,thiếu
585,ngủ
586,xuyên
587,lớp
588,cáu
589,kỉnh
590,mất
591,tập
592,trung
593,Fuller
594,khẳng
595,giấc
596,nhân
597,trực
598,dẫn
599,thu
600,bài
601,giảng
602,đáng
603,kể
604,VNExpress
605,Sau
606,Tết
607,lũ
608,lượt
609,rời
610,chừng
611,ấy
612,Thậm
613,chí
614,mùng
615,cung
616,hòa
617,Bởi
618,xu
619,hướng
620,rẻ
621,kèm
622,hậu
623,mãi
624,đối
625,tượng
626,chuyển
627,ồ
628,ạt
629,sang
630,chỉ
631,kích
632,trói
633,buộc
634,điều
635,chúng
636,chân
637,Việt
638,kiều
639,khi
640,nghỉ
641,Còn
642,sách
643,níu
644,dù
645,vứt
646,sim
647,quy
648,hạn
649,khóa
650,hai
651,chiều
652,tháng
653,Lãnh
654,đạo
655,nghiệp
656,biết
657,nhu
658,bù
659,đắp
660,Điều
661,hoàn
662,chứa
663,kêu
664,cháy
665,Showroom
666,Nam
667,dùng
668,thử
669,LG
670,chụp
671,in
672,Tường
673,thuật
674,WTO
675,Hồng
676,Kông
677,TV
678,analog
679,Chống
680,cắp
681,Nếu
682,lần
683,lập
684,tín
685,hiệu
686,Hàng
687,BCVT
688,tắc
689,VNPT
690,VinaPhone
691,Tại
692,gần
693,tốc
694,đạt
695,kỷ
696,lục
697,đứng
698,top
699,ĐT
700,Được
701,phê
702,duyệt
703,Sanyo
704,Công
705,ty
706,KDDI
707,Telecom
708,màu
709,;
710,nhớ
711,MB
712,tiếng
713,văn
714,bản
715,nặng
716,g
717,thước
718,x
719,mmm
720,pin
721,đàm
722,ông
723,Hải
724,hưởng
725,quyền
726,lợi
727,bạ
728,thân
729,chèn
730,ép
731,mạnh
732,dải
733,nhau
734,Tính
735,Vinaphone
736,Viettel
737,Mobile
738,S-Fone
739,EVN
740,tỉnh
741,phố
742,quảng
743,thú
744,chiến
745,cảm
746,thấy
747,lo
748,lắng
749,MMA
750,hào
751,hứng
752,dưới
753,thức
754,video
755,clip
756,Một
757,giục
758,Burgess
759,tâm
760,Nhưng
761,luật
762,nơi
763,bầu
764,vượt
765,chất
766,Liệu
767,buồn
768,hỉ
769,nộ
770,ái
771,ố
772,giám
773,sát
774,trẻ
775,em
776,tên
777,phối
778,mùa
779,dương
780,Nguyên
781,đán
782,hứa
783,Xem
784,phim
785,điển
786,Hãng
787,Gartner
788,chiếm
789,Hai
790,đấu
791,thủ
792,Google
793,Yahoo
794,bắt
795,tay
796,sàn
797,thiết
798,cá
799,cụ
800,hỗ
801,trợ
802,nền
803,web
804,VietNamNet
805,lực
806,vị
807,trí
808,trọng
809,nóng
810,hổi
811,Anh
812,Chủ
813,tịch
814,phường
815,Bí
816,quận
817,Đoàn
818,Có
819,khó
820,khăn
821,Qua
822,giúp
823,nâng
824,sơ
825,Đúng
826,vì
827,bỡ
828,ngỡ
829,nghiệm
830,tác
831,Phụ
832,trách
833,tế
834,cán
835,anh
836,Thời
837,bồi
838,dưỡng
839,môn
840,bố
841,ngành
842,xét
843,TP.HCM
844,Quận
845,thí
846,vọng
847,câu
848,tiến
849,bước
850,Ảnh
851,P.C
852,Từ
853,tạo
854,phía
855,Tôi
856,Vận
857,Mạnh
858,Thường
859,Quân
860,diện
861,tỏa
862,thiệt
863,hại
864,đình
865,thuộc
866,Và
867,chế
868,ưu
869,lãnh
870,Chừng
871,tham
872,Bàn
873,tròn
874,tuyến
875,TBT
876,Nguyễn
877,Tuấn
878,đâu
879,thuế
880,cái
881,đấy
882,giàu
883,Ví
884,dụ
885,Luật
886,Đầu
887,vừa
888,ta
889,sửa
890,chồng
891,chéo
892,sớm
893,khắc
894,phục
895,Đất
896,bào
897,đất
898,Phan
899,Thành
900,Vinh
901,Danh
902,Nước
903,trò
904,Ông
905,Hiệp
906,Doanh
907,Kiều
908,OVIBA
909,lưu
910,tìm
911,sẻ
912,đỡ
913,ban
914,ướt
915,ráo
916,quê
917,hương
918,ăn
919,OVIC
920,thận
921,khéo
922,lạnh
923,nét
924,Cuộc
925,sống
926,thiên
927,trai
928,niệm
929,ảo
930,đời
931,Nghị
932,quyết
933,overnight
934,bên
935,thơ
936,Huỳnh
937,Văn
938,Nghệ
939,Chứ
940,luôn
941,chục
942,ngàn
943,trăm
944,Mỹ
945,Đâu
946,hành
947,đùa
948,chuyến
949,tướng
950,Khải
951,hồi
952,luận
953,Ba
954,ơi
955,xìu
956,lưng
957,tỏ
958,Sáu
959,hiểu
960,cú
961,phone
962,hỏi
963,han
964,Chính
965,hút
966,vốn
967,liếng
968,hãy
969,nguội
970,đàng
971,hoàng
972,nhờ
973,Muốn
974,thăm
975,Vả
976,kia
977,cây
978,Người
979,chuối
980,vỏ
981,vàng
982,ruột
983,trắng
984,bó
985,viếng
986,thậm
987,chết
988,làng
989,tộc
990,Bắc
991,rộng
992,bờ
993,cõi
994,miền
995,Trung
996,vùng
997,Phát
998,Đổi
999,II
1000,lỡ
1001,Bài
1002,thạc
1003,sĩ
1004,Đinh
1005,Trọng
1006,Thắng
1007,cựu
1008,Boston
1009,Như
1010,giả
1011,hầu
1012,biện
1013,pháp
1014,cải
1015,hồ
1016,cạnh
1017,tranh
1018,quốc
1019,phồn
1020,vinh
1021,xây
1022,dựng
1023,dựa
1024,thiện
1025,sẵn
1026,sàng
1027,tuân
1028,kìm
1029,hãm
1030,Cải
1031,ngân
1032,Đồng
1033,phụ
1034,xã
1035,Đại
1036,Đảng
1037,X
1038,làn
1039,thuần
1040,khiết
1041,cấu
1042,hạ
1043,tầng
1044,lược
1045,thập
1046,nghèo
1047,nàn
1048,tụt
1049,Đột
1050,phá
1051,Cơ
1052,thẳng
1053,Thiệt
1054,đền
1055,Tổng
1056,Thư
1057,OECD
1058,xông
1059,Tác
1060,Sẽ
1061,soát
1062,xe
1063,Số
1064,hóa
1065,yêu
1066,Muôn
1067,vạn
1068,http://dalink.VietNamNet.vn
1069,nghĩa
1070,tối
1071,Module
1072,phép
1073,kế
1074,logo
1075,cài
1076,Dẫn
1077,GTGT
1078,miếng
1079,bánh
1080,VASC
1081,Dalink
1082,Alofun
1083,Luckywin
1084,NetMode
1085,dao
1086,GSM
1087,Máy
1088,cụm
1089,đèn
1090,LED
1091,nhấp
1092,nháy
1093,cử
1094,ổ
1095,cứng
1096,Hãy
1097,bật
1098,bóng
1099,ngọn
1100,nến
1101,lung
1102,linh
1103,trái
1104,tím
1105,Sản
1106,Bạch
1107,tuộc
1108,Shaking
1109,USB
1110,Thanko
1111,thổi
1112,bay
1113,cơn
1114,stress
1115,Nguồn
1116,CNET
1117,Chữ
1118,viết
1119,lồng
1120,ghép
1121,nạm
1122,tí
1123,xíu
1124,Thông
1125,giặt
1126,đồ
1127,underwear
1128,Đích
1129,dộng
1130,vận
1131,tổ
1132,Chúng
1133,bất
1134,cứ
1135,ngang
1136,Áo
1137,quần
1138,mặc
1139,chẳng
1140,tuổi
1141,hít
1142,thở
1143,trông
1144,Chắc
1145,bác
1146,điên
1147,bệnh
1148,hoang
1149,bom
1150,mềm
1151,dàng
1152,cởi
1153,thao
1154,Gizmodo
1155,sắp
1156,xếp
1157,dán
1158,nhãn
1159,bức
1160,ghi
1161,địa
1162,hệt
1163,Thiên
1164,Ý
1165,Reuter
1166,VIET
1167,NAM
1168,NET
1169,viễn
1170,Sôcôla
1171,hoa
1172,hồng
1173,tuyệt
1174,chút
1175,Sắp
1176,mắt
1177,tử
1178,Chip
1179,bốn
1180,lõi
1181,xưởng
1182,Thế
1183,Gần
1184,hấp
1185,Phòng
1186,chữa
1187,tấn
1188,đợi
1189,Nói
1190,Đặc
1191,biên
1192,Nhập
1193,tùy
1194,phán
1195,đòi
1196,sâu
1197,Mexico
1198,Bangladesh
1199,rắn
1200,Diễn
1201,đàn
1202,mong
1203,quý
1204,Vì
1205,Phải
1206,chăng
1207,đáp
1208,ứng
1209,đẹp
1210,ba
1211,tốn
1212,kém
1213,tha
1214,xứ
1215,sum
1216,họp
1217,phong
1218,tệ
1219,thiêng
1220,liêng
1221,môi
1222,tịnh
1223,bình
1224,tĩnh
1225,rút
1226,lá
1227,may
1228,ván
1229,cuốn
1230,lốc
1231,mê
1232,đỏ
1233,đen
1234,đảo
1235,Hái
1236,lộc
1237,bút
1238,cúng
1239,thần
1240,thổ
1241,vội
1242,gộp
1243,Để
1244,lòng
1245,bè
1246,Góp
1247,Báo
1248,nhằm
1249,huy
1250,tuệ
1251,hoạch
1252,lối
1253,mít
1254,tinh
1255,Hà
1256,Nội
1257,Uỷ
1258,BCT
1259,ủy
1260,Phú
1261,nêu
1262,Sẵn
1263,Quý
1264,am
1265,sắc
1266,ViêtNamNet
1267,nhạt
1268,dần
1269,lấn
1270,át
1271,tây
1272,Sàn
1273,game
1274,Hợp
1275,vất
1276,vả
1277,xênh
1278,xang
1279,Giữ
1280,Đức
1281,thầy
1282,Thật
1283,trùng
1284,lặp
1285,lễ
1286,Valentine
1287,Slovenia
1288,Costa
1289,Rica
1290,nữ
1291,trao
1292,vương
1293,miện
1294,cô
1295,Hoa
1296,Hoàn
1297,vũ
1298,Trước
1299,đoạt
1300,Teen
1301,Nokuthula
1302,Sithole
1303,Phi
1304,Mia
1305,Taveras
1306,Lopez
1307,CH
1308,Dominican
1309,Biljana
1310,Mancic
1311,Hrvatske
1312,Ninni
1313,Laaksonen
1314,Phần
1315,Lan
1316,hoá
1317,quang
1318,HH
1319,Lindsay
1320,già
1321,SITC
1322,sư
1323,LS
1324,Phạm
1325,Liêm
1326,ngạc
1327,đổ
1328,bể
1329,Họ
1330,giấy
1331,lao
1332,cư
1333,trú
1334,Tiếp
1335,Sở
1336,LĐ
1337,TB
1338,chăm
1339,khâu
1340,xong
1341,thẩm
1342,chịu
1343,nhiệm
1344,Đây
1345,khép
1346,kín
1347,Kiên
1348,sai
1349,nửa
1350,Đến
1351,Nha
1352,Trang
1353,sập
1354,tiệm
1355,Vợ
1356,Michael
1357,Yu
1358,gây
1359,Sáng
1360,Vụ
1361,Chẳng
1362,đọc
1363,Chi
1364,giáo
1365,dục
1366,GDP
1367,Tỷ
1368,môt
1369,tiểu
1370,Những
1371,GD
1372,Thống
1373,gián
1374,xa
1375,Pháp
1376,bảng
1377,sánh
1378,tỷ
1379,OCDE
1380,*
1381,Thu
1382,rơi
1383,vãi
1384,Bảng
1385,Giáo
1386,Thái
1387,nhỏ
1388,HS
1389,hy
1390,minh
1391,bạch
1392,dõi
1393,a
1394,Hoạt
1395,viện
1396,ước
1397,HSSV
1398,TCTK
1399,Vũ
1400,Quang
1401,Ghi
1402,chú
1403,lthanh@vasc.com.vn
1404,loạt
1405,Nâng
1406,đào
1407,Loạt
1408,Tăng
1409,Thị
1410,nhắm
1411,liều
1412,Thêm
1413,Trường
1414,ĐH
1415,Sư
1416,Kỹ
1417,tuyển
1418,Gửi
1419,món
1420,quà
1421,ấn
1422,mobile
1423,dấu
1424,Xin
1425,bà
1426,giùm
1427,bời
1428,gái
1429,tung
1430,liền
1431,nhiệt
1432,đón
1433,Thượng
1434,Cô
1435,Đà
1436,Nẵng
1437,Ở
1438,bận
1439,rộn
1440,bé
1441,khóc
1442,suốt
1443,Cảnh
1444,kẻ
1445,phòng
1446,Hậu
1447,thương
1448,phào
1449,nhẹ
1450,nhõm
1451,Hay
1452,nỗi
1453,nhóm
1454,niên
1455,thìa
1456,nĩa
1457,gõ
1458,hát
1459,Nghe
1460,chợt
1461,Thacsinla
1462,Lào
1463,Bách
1464,khoa
1465,tiễn
1466,Tự
1467,băn
1468,khoăn
1469,ngậm
1470,ngùi
1471,lửa
1472,km
1473,Thí
1474,kỹ
1475,chẽ
1476,Ngành
1477,Kế
1478,toán
1479,Thi
1480,A
1481,Sinh
1482,phận
1483,nội-ngọai
1484,mỹ
1485,vệ
1486,nghề
1487,Khoa
1488,Tôn
1489,Trình
1490,Mới
1491,giỏi
1492,Đã
1493,xinh
1494,nhảy
1495,tim
1496,Cách
1497,lách
1498,bối
1499,TP
1500,Pleiku
1501,cậu
1502,vật
1503,ngoại
1504,ngữ
1505,Cò
1506,Huế
1507,cò
1508,ngụ
1509,khu
1510,thôn
1511,Nhì
1512,Đông
1513,Thủy
1514,An
1515,chai
1516,Euro
1517,Hội
1518,Vùng
1519,biển
1520,Yên
1521,tôm
1522,hùm
1523,giống
1524,Xóm
1525,ô
1526,nhiễm
1527,Cabsim
1528,Học
1529,lái
1530,tô
1531,Mục
1532,cabsim
1533,khiển
1534,sa
1535,thuận
1536,đích
1537,dạy
1538,hạng
1539,B
1540,C
1541,D
1542,E
1543,phù
1544,hạch
1545,Cục
1546,tu
1547,Cập
1548,Thứ
1549,du
1550,trụ
1551,thủng
1552,bụng
1553,Y
1554,Củ
1555,TPHCM
1556,ca
1557,phẫu
1558,Lập
1559,ống
1560,Thử
1561,thuốc
1562,tái
1563,Bạn
1564,phóng
1565,xạ
1566,Nông
1567,Nê
1568,Giang
1569,heo
1570,Irrawarddy
1571,sông
1572,Mê
1573,Campuchia
1574,vòng
1575,gấp
1576,Đối
1577,ưng
1578,Kim
1579,Liên
1580,trục
1581,yếu
1582,Lạt
1583,Hasfarm
1584,Thực
1585,lai
1586,trồng
1587,mạc
1588,bắp
1589,dáng
1590,bông
1591,nở
1592,bền
1593,tuần
1594,shop
1595,tòi
1596,kiểu
1597,lạ
1598,bọc
1599,gói
1600,phu
1601,tố
1602,Chị
1603,Đặng
1604,Thúy
1605,Ngân
1606,chênh
1607,lệch
1608,–
1609,Cỏ
1610,May
1611,Khuyến
1612,Miếu
1613,quen
1614,khí
1615,thật
1616,sôi
1617,kiêm
1618,vô
1619,vàn
1620,ưa
1621,giác
1622,Chưa
1623,khẩu
1624,sôcôla
1625,Giáng
1626,đính
1627,hôn
1628,đám
1629,cưới
1630,gối
1631,lụa
1632,Tặng
1633,nuôi
1634,hơi
1635,thuyết
1636,lót
1637,Mua
1638,Giải
1639,chấp
1640,vẻ
1641,đương
1642,bọt
1643,cạo
1644,râu
1645,kem
1646,da
1647,nắng
1648,Hơn
1649,cà
1650,vạt
1651,xoá
1652,mảnh
1653,Ngay
1654,giở
1655,đỏng
1656,đảnh
1657,Renault
1658,Carlos
1659,Ghosn
1660,cắt
1661,bớt
1662,Gộp
1663,đôi
1664,General
1665,Motors
1666,Toyota
1667,Ford
1668,Volkswagen
1669,DaimlerChrysler
1670,Chỉ
1671,đốc
1672,Nissan
1673,đoàn
1674,Mang
1675,cha
1676,gác
1677,Libăng
1678,vợ
1679,Vào
1680,Giám
1681,Michelin
1682,doàn
1683,Nisan
1684,thua
1685,lỗ
1686,nề
1687,nần
1688,nhầm
1689,vua
1690,phút
1691,Đa
1692,căng
1693,Mặc
1694,tồi
1695,hề
1696,chê
1697,bai
1698,tổn
1699,kiêu
1700,hãnh
1701,Sự
1702,nhạy
1703,xử
1704,sựu
1705,mẫu
1706,Sang
1707,cân
1708,đươc
1709,lãi
1710,Vy
1711,nổi
1712,McDonald
1713,cường
1714,lan
1715,sốn
1716,sỹ
1717,Brazil
1718,bốc
1719,Đánh
1720,săn
1721,lẫn
1722,Xuân
1723,Thùy
1724,Dung
1725,infobroker
1726,Navigos
1727,Group
1728,Chiều
1729,Silicon
1730,Valley
1731,Thảo
1732,ốc
1733,quân
1734,San
1735,Jose
1736,lít
1737,xăng
1738,ga
1739,Bush
1740,Jack
1741,Abramoff
1742,tấm
1743,dài
1744,cãi
1745,Buổi
1746,gỡ
1747,Toà
1748,Eisenhower
1749,giáp
1750,Trắng
1751,email
1752,mời
1753,trại
1754,Crawford
1755,Texas
1756,Mô
1757,tả
1758,tạp
1759,Time
1760,tải
1761,sổ
1762,chỗ
1763,gẫu
1764,HT
1765,AP
1766,NYT
1767,Al-Jaafari
1768,Iraq
1769,Israel
1770,Sức
1771,khoẻ
1772,Sharon
1773,xấu
1774,chocolate
1775,uyên
1776,ương
1777,kéo
1778,Liu
1779,Yan
1780,trải
1781,Nhân
1782,đô
1783,la
1784,mũi
1785,NDT
1786,mí
1787,Bảo
1788,tàng
1789,Nghiên
1790,New
1791,China
1792,trích
1793,Chiến
1794,hạt
1795,đội
1796,tàu
1797,Thanh
1798,Hảo
1799,Washington
1800,Post
1801,Ngày
1802,ngăn
1803,cản
1804,Ấn
1805,Độ
1806,áp
1807,mại
1808,vĩnh
1809,Quy
1810,hè
1811,Niên
1812,Khu
1813,Xây
1814,Hùng
1815,Vương
1816,thự
1817,dọc
1818,suối
1819,rừng
1820,keo
1821,Flamingo
1822,Lải
1823,Resort
1824,Kiến
1825,trúc
1826,Sena
1827,nằm
1828,Đài
1829,Loan
1830,san
1831,dắp
1832,nghìn
1833,xanh
1834,Dự
1835,cỡ
1836,Vĩnh
1837,bảy
1838,chủng
1839,Cat
1840,bổ
1841,sung
1842,ngạch
1843,DN
1844,thòi
1845,quỹ
1846,Kinh
1847,Nghề
1848,NMFS
1849,pound
1850,chloramphenicol
1851,fluoroquinolones
1852,quinolones
1853,oxytetracyline
1854,NLĐ
1855,Phó
1856,Tấn
1857,Dũng
1858,đẩy
1859,E-Mobile
1860,Viễn
1861,Điện
1862,EVNTelecom
1863,Iran
1864,bạo
1865,loạn
1866,Hồi
1867,biếm
1868,hoạ
1869,dầu
1870,Nhu
1871,gay
1872,gắt
1873,E-Phone
1874,HCM
1875,tồn
1876,bến
1877,cảng
1878,Quất
1879,lô
1880,cọc
1881,thép
1882,thầu
1883,Khẩn
1884,chuẩn
1885,WiMax
1886,mô
1887,Tuổi
1888,Trẻ
1889,ngột
1890,hẳn
1891,thùng
1892,trữ
1893,Vấn
1894,mỏ
1895,Quan
1896,thưa
1897,Tiêu
1898,Mỗi
1899,ghế
1900,ngồi
1901,cũ
1902,khắt
1903,khe
1904,hải
1905,rác
1906,salon
1907,Sài
1908,Gòn
1909,SSC
1910,chở
1911,sắn
1912,lát
1913,hộ
1914,PIDC
1915,Algeria
1916,Lao
1917,Động
1918,Tôm
1919,PHÓ
1920,THỦ
1921,TƯỚNG
1922,THƯỜNG
1923,TRỰC
1924,NGUYỄN
1925,TẤN
1926,DŨNG
1927,Quảng
1928,ngu
1929,ngốc
1930,lẻ
1931,Wal
1932,Mart
1933,bang
1934,Arizona
1935,siêu
1936,tờ
1937,Daily
1938,Sun
1939,poster
1940,binh
1941,lính
1942,đốt
1943,Russel
1944,Stover
1945,thỏi
1946,kẹo
1947,cm
1948,thánh
1949,Độc
1950,đua
1951,đá
1952,chìa
1953,buổi
1954,remote
1955,xúc
1956,AA
1957,giày
1958,EU
1959,ngoái
1960,Rút
1961,Trên
1962,cấm
1963,thỏa
1964,băng
1965,Ngoại
1966,VCB
1967,nhàn
1968,rỗi
1969,vay
1970,Chia
1971,Thương
1972,VP
1973,Bank
1974,Lê
1975,Đắc
1976,Sơn
1977,tránh
1978,rủi
1979,ro
1980,uy
1981,vi
1982,Minh
1983,guồng
1984,chuột
1985,lúa
1986,Nối
1987,tour
1988,MICE
1989,Câu
1990,H
1991,Vậy
1992,góc
1993,Tập
1994,Sony
1995,Bản
1996,Viettronics
1997,Tân
1998,Bình
1999,Dòng
2000,WEGA
2001,Indonesia
2002,Malaysia
2003,trì
2004,gạo
2005,mác
2006,Jasmine
2007,dẻo
2008,AAA
2009,thơm
2010,tràn
2011,ngập
2012,chợ
2013,Riêng
2014,Suất
2015,VCCI
2016,xác
2017,mẽ
2018,phủ
2019,khỏe
2020,Thay
2021,Kỳ
2022,quán
2023,bột
2024,vững
2025,Sabeco
2026,Bia
2027,bia
2028,chuỗi
2029,nhượng
2030,mẹ
2031,tụ
2032,FII
2033,Hầu
2034,Tiến
2035,xịn
2036,kham
2037,VAT
2038,cám
2039,trấu
2040,chiêu
2041,Đảo
2042,Trần
2043,Tô
2044,Ninh
2045,Cát
2046,Bà
2047,Long
2048,Vĩ
2049,Hòn
2050,Hóa
2051,Cồn
2052,Trị
2053,Vân
2054,Thừa
2055,Cù
2056,Chàm
2057,Lư
2058,Ngãi
2059,Mun
2060,Yết
2061,Khánh
2062,Hòa
2063,Cau
2064,Thuận
2065,Côn
2066,Rịa
2067,Vũng
2068,Tàu
2069,Viết
2070,Hoan
2071,Trịnh
2072,heroin
2073,Dân
2074,xô
2075,Đan
2076,Mạch
2077,sợ
2078,tri
2079,Muhammad
2080,Châu
2081,Phục
2082,vẽ
2083,Đấng
2084,Mohamed
2085,chối
2086,Dear
2087,Darling
2088,sốđiệnthoạiem
2089,sốđiệnthoạianh
2090,nghiện
2091,dế
2092,ngon
2093,ngọt
2094,chúc
2095,mừng
2096,Tình
2097,Yêu
2098,Giao
2099,sạch
2100,Lại
2101,Chim
2102,chích
2103,chắp
2104,nguyện
2105,loài
2106,Noel
2107,yên
2108,hồn
2109,Ủy
2110,virút
2111,nga
2112,Weybridge
2113,nỗ
2114,hàn
2115,nhịp
2116,đập
2117,>
2118,Nhung
2119,diva
2120,ngại
2121,gắng
2122,album
2123,chị
2124,Nhờ
2125,giọng
2126,bày
2127,Ánh
2128,Hoàng
2129,Xich
2130,PN
2131,lẽ
2132,niềm
2133,say
2134,nho
2135,mệt
2136,Nhan
2137,dip
2138,va
2139,mot
2140,nam
2141,moi
2142,dang
2143,den
2144,co
2145,tac
2146,nao
2147,ve
2148,yeu
2149,xuan
2150,chua
2151,Ngọc
2152,Đỉnh
2153,HN
2154,suy
2155,Chúc
2156,tươi
2157,nhe
2158,'
2159,Nhi
2160,Nữ
2161,Lăng
2162,Valentin
2163,gởi
2164,điệp
2165,khán
2166,ủng
2167,Sao
2168,Điểm
2169,Ai
2170,Linh
2171,nhóc
2172,tì
2173,ngoan
2174,HAppy
2175,'s
2176,Day
2177,hoi
2178,Hong
2179,Trông
2180,USA
2181,Hy
2182,vong
2183,van
2184,cach
2185,rat
2186,don
2187,moc
2188,mac
2189,loi
2190,hat
2191,luc
2192,dau
2193,hoành
2194,tráng
2195,Âm
2196,dị
2197,gũi
2198,Chao
2199,Phuong
2200,Toi
2201,nguoi
2202,ham
2203,mo
2204,tieng
2205,cua
2206,voi
2207,su
2208,tre
2209,hon
2210,nhien
2211,nụ
2212,cười
2213,láng
2214,Chào
2215,hạnh
2216,phúc
2217,núi
2218,block
2219,lộng
2220,lẫy
2221,rớt
2222,thảm
2223,Trưởng
2224,Đáng
2225,NXB
2226,Tp
2227,cam
2228,bloc
2229,ế
2230,chặn
2231,Cần
2232,Huy
2233,Trú
2234,Mưa
2235,Đóa
2236,sắt
2237,xương
2238,cộng
2239,Thiết
2240,BHYTTN
2241,So
2242,Trùm
2243,ẩn
2244,Bùi
2245,Hưng
2246,trốn
2247,lâu
2248,sộp
2249,bắn
2250,Macau
2251,rạc
2252,can
2253,Tiên
2254,CQĐT
2255,quanh
2256,trận
2257,Arsenal-M.U
2258,cược
2259,vai
2260,VH
2261,-TT
2262,chấn
2263,chỉnh
2264,Khoảng
2265,đâm
2266,bắc
2267,đêm
2268,Honda
2269,Wave
2270,SV
2271,đuối
2272,Mình
2273,BS
2274,Tai
2275,Mũi
2276,Họng
2277,Fellow
2278,Gặp
2279,GS
2280,House
2281,Wullstien
2282,đẻ
2283,tai
2284,Louisville
2285,Kentucky
2286,phỏng
2287,lặng
2288,Đêm
2289,Nhớ
2290,dậy
2291,Bác
2292,mổ
2293,soi
2294,mơ
2295,Dương
2296,TS
2297,Chuyện
2298,sứ
2299,Ngôi
2300,ti
2301,Vật
2302,Cụ
2303,trồi
2304,cạn
2305,kiệt
2306,xóa
2307,rào
2308,phi
2309,thiểu
2310,Cường
2311,dở
2312,xiết
2313,Lĩnh
2314,sạn
2315,bão
2316,Katrina
2317,vịnh
2318,lọc
2319,Tài
2320,Trương
2321,Chí
2322,nhắc
2323,nông
2324,rau
2325,độc
2326,canh
2327,bẹ
2328,khuyết
2329,Lời
2330,ơn
2331,huyết
2332,Thất
2333,AGROVIET
2334,dọa
2335,l?i
2336,hưu
2337,ấm
2338,ức
2339,dỡ
2340,trần
2341,biếu
2342,Con
2343,ánh
2344,tôn
2345,Khởi
2346,giây
2347,Trả
2348,biểu
2349,HĐND
2350,Chuyên
2351,Bắt
2352,lọt
2353,kiếm
2354,BAT
2355,Paul
2356,Lageweg
2357,thềm
2358,tận
2359,hổng
2360,Phiên
2361,Thoạt
2362,muôn
2363,đắc
2364,Đó
2365,NTD
2366,khá
2367,rỉ
2368,cốt
2369,xấp
2370,xỉ
2371,đống
2372,chưng
2373,hửng
2374,hụt
2375,hẫng
2376,Ruệ
2377,mẻ
2378,nộp
2379,Tháp
2380,tùng
2381,nhọn
2382,khống
2383,Bao
2384,Cổ
2385,Tribeco
2386,TNHH
2387,Đô
2388,Mừng
2389,huyện
2390,ounce
2391,I
2392,DalatHasfarm
2393,Xuất
2394,Trái
2395,Cái
2396,Bè
2397,Tiền
2398,ha
2399,ngán
2400,Gò
2401,Vấp
2402,giò
2403,chả
2404,chiên
2405,nem
2406,bò
2407,Afiex
2408,Bửu
2409,ĐBSCL
2410,SQF
2411,Thụy
2412,Sĩ
2413,N
2414,vói
2415,VNN
2416,thiệp
2417,Tá
2418,khía
2419,xung
2420,±
2421,hẹp
2422,Quà
2423,xoay
2424,nhồi
2425,nhung
2426,phalê
2427,dồi
2428,dào
2429,đấng
2430,mày
2431,sô-cô-la
2432,Cặp
2433,áo
2434,lọ
2435,spa
2436,massage
2437,niu
2438,sóc
2439,giãn
2440,lãng
2441,mạn
2442,Chuẩn
2443,chén
2444,dĩa
2445,cắm
2446,nhàng
2447,hộp
2448,mạch
2449,SJC
2450,e-Chip
2451,hài
2452,Lễ
2453,phiên
2454,York
2455,Vàng
2456,Tín
2457,h
2458,gà
2459,Bánh
2460,Nhuận
2461,Căn
2462,Cứ
2463,Vinasat
2464,visa
2465,dệt
2466,mưa
2467,gió
2468,sú
2469,phì
2470,Huệ
2471,vựa
2472,Xuyên
2473,kg
2474,Tây
2475,Cà
2476,Mau
2477,thầm
2478,thủy
2479,è
2480,củ
2481,Sim
2482,Bến
2483,Trà
2484,vé
2485,lóc
2486,nướng
2487,www.motorola.com/motofwrd
2488,Màu
2489,tần
2490,suất
2491,giận
2492,giễu
2493,cợt
2494,Xét
2495,Bên
2496,Game
2497,online
2498,Giành
2499,thắng
2500,chuốc
2501,Thần
2502,Hằng
2503,Jang
2504,bậc
2505,huynh
2506,phàn
2507,tan
2508,Đỗ
2509,Doãn
2510,thảo
2511,khảo
2512,CNTT
2513,mỏng
2514,méo
2515,mó
2516,nhuận
2517,Giới
2518,dội
2519,Cung
2520,tuy
2521,Petroglyph
2522,phẳng
2523,Dưới
2524,tà
2525,Babylon
2526,u
2527,Tư
2528,gáp
2529,tòa
2530,mãnh
2531,quét
2532,thù
2533,giành
2534,ngôi
2535,báu
2536,Lúc
2537,chìm
2538,khói
2539,cừu
2540,tể
2541,Jaffar
2542,ngai
2543,hắn
2544,huyền
2545,cát
2546,gã
2547,hùng
2548,tao
2549,ngộ
2550,chúa
2551,Farah
2552,Nhắc
2553,POP
2554,Dark
2555,Prince
2556,trội
2557,máu
2558,chàng
2559,lạm
2560,Xiamen
2561,Fifth
2562,Phantom
2563,Saga
2564,Killing
2565,Possession
2566,The
2567,Darkness
2568,Backyard
2569,Football
2570,Skateboarding
2571,Cinderella
2572,Dollhouse
2573,tiệc
2574,Creatures
2575,Bây
2576,li
2577,đuổi
2578,sói
2579,cánh
2580,Kubi
2581,bọn
2582,Math
2583,Blaster
2584,lôi
2585,Fizzzwizzle
2586,robot
2587,Friends
2588,Bots
2589,Cao
2590,PTV
2591,Đẹp
2592,Tòa
2593,Úc
2594,thoải
2595,mái
2596,chép
2597,lậu
2598,PlayStation
2599,đĩa
2600,mắn
2601,Eddy
2602,Stevens
2603,rê
2604,click
2605,leo
2606,Nó
2607,thuyền
2608,tặc
2609,Pete
2610,T.Tùng
2611,Xbox
2612,khơi
2613,Cùng
2614,Microsoft
2615,Point
2616,Gartenberg
2617,Jupiter
2618,Research
2619,pháo
2620,hỏa
2621,Sober
2622,GB
2623,Tapestry
2624,cổng
2625,Lâu
2626,lường
2627,gạt
2628,Cấu
2629,Pentium
2630,MHz
2631,RAM
2632,card
2633,DirectX
2634,thách
2635,Boro
2636,Hasselbaink
2637,Vừa
2638,Chelsea
2639,Premiership
2640,Middlesborough
2641,Stuttgart
2642,UEFA
2643,Cup
2644,Bằng
2645,pha
2646,Gronkjaer
2647,Tomasson
2648,Ljuboja
2649,Boateng
2650,chuyền
2651,sệt
2652,Parnaby
2653,Timo
2654,Hilderbrand
2655,website
2656,LĐBĐ
2657,CBF
2658,HLV
2659,Alberto
2660,Parreira
2661,Zealand
2662,Australia
2663,World
2664,Thể
2665,M.U
2666,Cúp
2667,FA
2668,Liverpool
2669,soán
2670,nhì
2671,Hành
2672,khiêu
2673,Kỷ
2674,phạt
2675,treo
2676,Old
2677,Trafford
2678,Anfield
2679,đụng
2680,hâm
2681,mộ
2682,nhàm
2683,chán
2684,PL
2685,khao
2686,khát
2687,doping
2688,BALCO
2689,Tim
2690,Montgomery
2691,địch
2692,m
2693,Marion
2694,Jones
2695,Shane
2696,Mosley
2697,dính
2698,Nga
2699,Anastasiya
2700,Kapachinskaya
2701,trơn
2702,vóc
2703,teo
2704,bơm
2705,ôxy
2706,thượng
2707,võ
2708,Real
2709,CLB
2710,kền
2711,lật
2712,MU
2713,Xếp
2714,Serie
2715,AC
2716,Milan
2717,Juventus
2718,Phút
2719,Reo-Coker
2720,sút
2721,Kenny
2722,Cunningham
2723,Latka
2724,Birmingham
2725,West
2726,Ham
2727,Mùa
2728,Mourinho
2729,Blues
2730,Hernan
2731,Crespo
2732,Didier
2733,Drogba
2734,Stamford
2735,Bridge
2736,Tốc
2737,Bernabeu
2738,Hữu
2739,Inter
2740,còi
2741,Bỏ
2742,Trận
2743,nhiễu
2744,lỗi
2745,thô
2746,Mancini
2747,Paparesta
2748,Chung
2749,CAN
2750,Sam
2751,Allardyce
2752,Bolton
2753,Arsenal
2754,ĐKVĐ
2755,Everton
2756,Thua
2757,Madrid
2758,Ban
2759,Turin
2760,phiền
2761,toái
2762,dã
2763,Phong
2764,LĐBĐVN
2765,trừ
2766,FPT
2767,spot
2768,Tâm
2769,Ngẫm
2770,nghiệt
2771,ngặt
2772,Song
2773,mệnh
2774,manh
2775,V-League
2776,gượng
2777,sốc
2778,Tìm
2779,Vị
2780,Bá
2781,HĐTTQG
2782,Mùi
2783,Nhất
2784,Bầu
2785,than
2786,dám
2787,khẩn
2788,Đình
2789,Quyết
2790,Gạch
2791,Gỗ
2792,lận
2793,đận
2794,Allianz
2795,Arena
2796,Riedl
2797,Brunei
2798,đạp
2799,chặng
2800,cai
2801,BHL
2802,Dmitriev
2803,Phía
2804,Asian
2805,SEA
2806,Games
2807,SLNA
2808,VKSND
2809,Tối
2810,giam
2811,Bóng
2812,THCN
2813,QG
2814,khoá
2815,ranz-Josef
2816,Srauss
2817,sừng
2818,sững
2819,ngẫu
2820,Mặt
2821,pa-nô
2822,lắp
2823,phồng
2824,Pascal
2825,vỡ
2826,Nằm
2827,bãi
2828,trống
2829,mênh
2830,mông
2831,hòn
2832,ngọc
2833,đắm
2834,chót
2835,GĐTLA
2836,P.BĐ
2837,Khóa
2838,cặp
2839,Kiatisuk
2840,Kesley
2841,bén
2842,HPHN
2843,sòng
2844,HAGL
2845,Đẫy
2846,trọn
2847,ĐN
2848,BD
2849,Pjico
2850,Sông
2851,Lam
2852,P.SLNA
2853,Thép
2854,Miền
2855,Cảng
2856,TMNCSG
2857,Lẽ
2858,truất
2859,chỏ
2860,Rubio
2861,TP.TG
2862,VFF
2863,khủng
2864,hoảng
2865,ĐTQG
2866,VFD
2867,Vòng
2868,Alphanam
2869,Fuji
2870,xuân
2871,huấn
2872,Bungari
2873,Asiad
2874,TGĐ
2875,ĐTVN
2876,Cho
2877,gặt
2878,hái
2879,vang
2880,sành
2881,Mercedes
2882,S-class
2883,BMW
2884,serie
2885,Audi
2886,Jaguar
2887,Khoang
2888,Maybach
2889,quyến
2890,rũ
2891,Lexus
2892,Nghiệp
2893,VnExpress
2894,MyCar
2895,Citron
2896,C-AirPlay
2897,Mui
2898,nhấc
2899,nghĩnh
2900,khung
2901,tháo
2902,thấu
2903,.O
2904,Benz
2905,Italy
2906,Murginotti
2907,tiếc
2908,double-pivot
2909,steering
2910,chạm
2911,SUV
2912,xế
2913,Charles
2914,Territo
2915,ngôn
2916,Saleen
2917,xù
2918,xì
2919,Đĩa
2920,kẹp
2921,piston
2922,Nhằm
2923,mãn
2924,nạp
2925,mô-men
2926,xoắn
2927,Nm
2928,mẩn
2929,Mazda
2930,model
2931,Grohol
2932,Iosis
2933,minivan
2934,chuộng
2935,Yaris
2936,Fit
2937,showroom
2938,Concept
2939,LF-Sh
2940,lãm
2941,Tokyo
2942,Autoweek
2943,hao
2944,Hybrid
2945,hybrid
2946,sáu
2947,vĩ
2948,tảng
2949,Cựu
2950,Pivo
2951,Terranaut
2952,vành
2953,sộ
2954,lốp
2955,Goodyear
2956,Mitsubishi
2957,Osamu
2958,Masuko
2959,Outlander
2960,i
2961,khôi
2962,ròng
2963,Ferrari
2964,FXX
2965,NAIAS
2966,Gizmag
2967,Chris
2968,Bangle
2969,Willy
2970,G
2971,Davidson
2972,Harley
2973,Shiro
2974,Nakamura
2975,O
2976,Lưới
2977,tản
2978,nhôm
2979,thang
2980,ngỗ
2981,ngược
2982,gờ
2983,Reflex
2984,toát
2985,khoắn
2986,gam
2987,tua
2988,GM
2989,Detroit
2990,Challenger
2991,Dodge
2992,Camaro
2993,Chevrolet
2994,Hyundai
2995,Talus
2996,Kabura
2997,Lamborghini
2998,Miura
2999,hảo
3000,Tom
3001,Peters
3002,cẩn
3003,đo
3004,đạc
3005,ngài
3006,Walter
3007,deSilva
3008,Xe
3009,concept
3010,de
3011,Silva
3012,hốc
3013,cáp
3014,Corvette
3015,Triển
3016,Cd
3017,Dave
3018,Hill
3019,Lựa
3020,nút
3021,bấm
3022,mạ
3023,crôm
3024,Mô-men
3025,phó
3026,Đăng
3027,ắc-quy
3028,Ắc
3029,e
3030,đợt
3031,Vidamco
3032,tiềm
3033,Magnus
3034,Chơi
3035,Mercedes-Benz
3036,phanh
3037,ABS
3038,EBD
3039,VCD
3040,thoáng
3041,móp
3042,mô-đun
3043,tút
3044,sốt
3045,nhộn
3046,Nắm
3047,găm
3048,neo
3049,Cuối
3050,Lâm
3051,ráp
3052,Điển
3053,Everest
3054,đãi
3055,TTĐB
3056,Lượng
3057,VAMA
3058,sedan
3059,SC
3060,coupe-cabriolet
3061,IS
3062,Geneva
3063,diesel
3064,xi-lanh
3065,L-finesse
3066,Hôm
3067,Bentley
3068,Continental
3069,GT
3070,mui
3071,GTC
3072,Convertible
3073,khổng
3074,lồ
3075,Frankfurt
3076,Brabus
3077,coupe
3078,ngựa
3079,S
3080,Biturbo
3081,Pirelli
3082,Yokohama
3083,Rocket
3084,xứng
3085,ZR
3086,VTEC
3087,Thuật
3088,Cylinder
3089,Deactivation
3090,Tên
3091,Integrated
3092,Starter/Generator
3093,ISG
3094,Civic
3095,i-VTEC
3096,VVT-i
3097,ngắt
3098,Stage
3099,tuỳ
3100,mm
3101,Golf
3102,V
3103,.Volkswagen
3104,loáng
3105,chếch
3106,GTI
3107,trào
3108,hot
3109,hatch
3110,hatchback
3111,sơn
3112,bám
3113,gỉ
3114,loang
3115,ly
3116,dày
3117,milimét
3118,Vỏ
3119,mịn
3120,bề
3121,Delphi
3122,đệ
3123,Michigan
3124,Fortune
3125,tuyên
3126,Lần
3127,Porsche
3128,Cayman
3129,Jeep
3130,Compass
3131,hước
3132,Sportback
3133,Wahei
3134,Hirai
3135,chữ
3136,L
3137,Leading
3138,edge
3139,Finesse
3140,léo
3141,dàn
3142,panel
3143,nhấn
3144,magiê
3145,bạc
3146,Canadiandriver
3147,Đèn
3148,Light
3149,emitting
3150,diodes
3151,đi-ốt
3152,Hella
3153,Egeus
3154,hầm
3155,hố
3156,ngạo
3157,Valeo
3158,tia
3159,lấp
3160,lánh
3161,Alfa
3162,gầm
3163,chassis
3164,Romeo
3165,Ghế
3166,cong
3167,GPS
3168,Toàn
3169,IV
3170,Hệ
3171,giằng
3172,gờm
3173,series
3174,X-Type
3175,C-Class
3176,TAND
3177,Chôn
3178,rơm
3179,©
3180,xưng
3181,vắng
3182,cướp
3183,Đề
3184,hối
3185,H.Tuyến
3186,Đường
3187,tước
3188,VKS
3189,PC
3190,Biên
3191,tội
3192,rối
3193,Tuyến
3194,Quế
3195,cháu
3196,osin
3197,Mọi
3198,miệng
3199,nhét
3200,giẻ
3201,lâm
3202,mẩu
3203,B.X
3204,eM
3205,chăn
3206,M
3207,giỗ
3208,bí
3209,bảnh
3210,T
3211,Đ
3212,mượn
3213,gật
3214,Cầu
3215,Quản
3216,Tả
3217,ngạn
3218,Viện
3219,KHCN
3220,GTVT
3221,Khám
3222,Chùa
3223,Vua
3224,CS
3225,BKS
3226,Tạm
3227,GD-ĐT
3228,UBND
3229,Lever
3230,Biết
3231,sếp
3232,khoe
3233,nếp
3234,ngã
3235,cay
3236,TIN
3237,LIÊN
3238,QUAN
3239,che
3240,giấu
3241,giết
3242,đem
3243,Tỉnh
3244,La
3245,Gi
3246,vạ
3247,Land
3248,Cruiser
3249,mini
3250,bus
3251,PMU
3252,sửng
3253,khui
3254,trùm
3255,hoắc
3256,Giày
3257,Gia
3258,Định
3259,Tịnh
3260,LĐLĐ
3261,Nai
3262,CĐ
3263,Dồi
3264,Phước
3265,PHẠM
3266,HỒ
3267,côn
3268,hung
3269,Bệnh
3270,tường
3271,Lừa
3272,P
3273,rết
3274,Campo
3275,six
3276,nậu
3277,Thơ
3278,lặn
3279,phen
3280,lộn
3281,đành
3282,bồ
3283,móc
3284,Cả
3285,KH-ĐT
3286,Mr.
3287,Jacklim
3288,Dr.
3289,tá
3290,Nhìn
3291,Rồng
3292,Quyền
3293,Nghĩa
3294,Truyện
3295,Món
3296,Tỉ
3297,Nghi
3298,Truy
3299,tấu
3300,gạch
3301,bụi
3302,CSGT
3303,Bưu
3304,Cướp
3305,Mai
3306,chém
3307,Tốt
3308,Em
3309,SN
3310,tù
3311,giật
3312,súng
3313,Khiết
3314,ấp
3315,Tạo
3316,Tho
3317,khiếu
3318,nại
3319,oan
3320,Kính
3321,Gary
3322,Glitter
3323,Dâm
3324,www.edu.net.vn
3325,Đợt
3326,xí
3327,Hiền
3328,Đạo
3329,THPT
3330,Ngô
3331,Eakar
3332,Đắk
3333,Lắk
3334,Chương
3335,Tổ
3336,D.
3337,Archie
3338,Lapoite
3339,trắc
3340,ngũ
3341,Khảo
3342,Kiểm
3343,túc
3344,Y.Anh
3345,thạo
3346,chat
3347,Phật
3348,ghé
3349,blog
3350,trứng
3351,Tất
3352,Nạn
3353,cóc
3354,chu
3355,trầm
3356,uất
3357,HV
3358,nhi
3359,Streamline
3360,Miễn
3361,luyện
3362,Leecam
3363,Giảm
3364,Du
3365,Địa
3366,Q.
3367,TT
3368,LTĐH
3369,nhánh
3370,ngấp
3371,nghé
3372,ồn
3373,ào
3374,mát
3375,Cửu
3376,Thạnh
3377,CT
3378,ĐKDT
3379,Nhận
3380,Khai
3381,Biển
3382,Xanh
3383,HIV
3384,AIDS
3385,LHQ
3386,huống
3387,Sử
3388,não
3389,Renesas
3390,Technology
3391,NTT
3392,DoCoMo
3393,Fujitsu
3394,Electric
3395,Sharp
3396,radio
3397,T.Dũng
3398,&
3399,quí
3400,platin
3401,Series
3402,Security
3403,trấn
3404,hốt
3405,Quả
3406,Oregon
3407,Scientific
3408,www.oregonscientific.co.uk
3409,khắp
3410,vườn
3411,Kiểu
3412,điệu
3413,đông
3414,G.Linh
3415,Mất
3416,Maddison
3417,Bailey
3418,Lauren
3419,Gregory
3420,chít
3421,Tống
3422,vèo
3423,trưng
3424,VKO
3425,hacker
3426,Thuê
3427,mè
3428,Mạng
3429,táo
3430,Chèn
3431,thấm
3432,vở
3433,chiếu
3434,mảng
3435,Đào
3436,mực
3437,Cán
3438,nọ
3439,Thấy
3440,kiềm
3441,Làm
3442,Bính
3443,Tuất
3444,Truyền
3445,Tử
3446,Sứ
3447,Lạc
3448,gương
3449,khôn
3450,dẹp
3451,Quách
3452,Tòng
3453,Xã
3454,trăn
3455,dzô
3456,thuở
3457,gươm
3458,căn
3459,hoãn
3460,to
3461,điếc
3462,dạn
3463,Tinh
3464,Hồ
3465,rọi
3466,Cộng
3467,Nhắn
3468,module
3469,Mobicom
3470,LovePC
3471,LCD
3472,James
3473,Canton
3474,Tương
3475,nhúng
3476,VIỄN
3477,THÔNG
3478,Đón
3479,hi-tech
3480,Canon
3481,SX
3482,Tiện
3483,Bill
3484,Gates
3485,bệ
3486,iPod
3487,yểu
3488,Khoan
3489,UB
3490,chậm
3491,Càng
3492,muộn
3493,Nên
3494,vỗ
3495,béo
3496,chọt
3497,hiến
3498,Martini
3499,Ilijaš
3500,Fabriela
3501,Quesada
3502,Sequeira
3503,Gwyneth
3504,Paltrow
3505,Sean
3506,Penn
3507,papazzazi
3508,êkíp
3509,Singapore
3510,qúa
3511,rã
3512,%
3513,qui
3514,rốt
3515,chay
3516,Rối
3517,rắm
3518,b
3519,Chất
3520,né
3521,trọ
3522,hả
3523,tưng
3524,bừng
3525,lang
3526,buýt
3527,bói
3528,Netmode
3529,nghệp
3530,lọai
3531,họa
3532,Khối
3533,+
3534,ĐHDL
3535,Cử
3536,tóan
3537,Cháu
3538,ê
3539,Đàn
3540,Cá
3541,Ưu
3542,SpaceShipOne
3543,vắc-xin
3544,kháng
3545,cột
3546,đứt
3547,lìa
3548,rãi
3549,miều
3550,Kristin
3551,Lake
3552,Wiconsin
3553,đựng
3554,nhẫn
3555,quên
3556,bóc
3557,Borkowsky
3558,Le
3559,Puy
3560,rà
3561,Kerkorian
3562,Chiêu
3563,Lãi
3564,Tạp
3565,Forbes
3566,Abney
3567,Hình
3568,kì
3569,Gaza
3570,đúc
3571,Tuần
3572,Tuyển
3573,Phản
3574,Kathrin
3575,Moore
3576,kè
3577,nhái
3578,Nike
3579,Adidas
3580,gillette
3581,dược
3582,OPEC
3583,nát
3584,thâu
3585,tóm
3586,Saigon
3587,Queen
3588,SSIC
3589,Khan
3590,hiếm
3591,kèo
3592,Dầu
3593,Lọc
3594,hãi
3595,chóa
3596,quái
3597,đản
3598,Los
3599,Angeles
3600,KBDS
3601,Hummer
3602,kênh
3603,Tuyền
3604,Sữa
3605,Vinamilk
3606,Fumiatsu
3607,đáo
3608,hiếu
3609,vướng
3610,mắc
3611,Xu
3612,thịnh
3613,Thiện
3614,Xi
3615,măng
3616,xi
3617,bành
3618,trướng
3619,Terry
3620,Ghani
3621,TGA
3622,vươn
3623,TTCK
3624,len
3625,lỏi
3626,bữa
3627,Hạt
3628,Đứng
3629,Coca-Cola
3630,TCL
3631,Triết
3632,Láng
3633,TQ
3634,KH-KT
3635,Uran
3636,Hadassah
3637,Ariel
3638,đẳng
3639,lành
3640,chồi
3641,nảy
3642,xôm
3643,chim
3644,Quyến
3645,Vượng
3646,đùm
3647,Chevron
3648,Peter
3649,Robertson
3650,Arập
3651,Xêút
3652,Syria
3653,Triệu
3654,BTV
3655,Lệ
3656,ngần
3657,dịu
3658,phấn
3659,thản
3660,Yến
3661,Ngoc
3662,Chau
3663,hom
3664,dc
3665,chuong
3666,trinh
3667,duong
3668,nhac
3669,ns
3670,that
3671,tuyet
3672,on
3673,nhieu
3674,Nụ
3675,Cảm
3676,Hanh
3677,Nguyen
3678,Ausralia
3679,PhienDaSau
3680,Melbourne
3681,đắn
3682,Hỏi
3683,Co
3684,the
3685,dieu
3686,giong
3687,muon
3688,gui
3689,nhan
3690,duoc
3691,Vâng
3692,Khôi
3693,Cám
3694,khúc
3695,Trừ
3696,xé
3697,Paris
3698,Hilton
3699,bỏng
3700,Val
3701,Kilmer
3702,cận
3703,H.
3704,sủi
3705,tăm
3706,sổng
3707,nhậu
3708,thoảng
3709,rành
3710,Sea
3711,lc
3712,VH-
3713,Bố
3714,Lá
3715,Bột
3716,tui
3717,Giờ
3718,Kiếm
3719,Tri
3720,ân
3721,truyện
3722,ngơ
3723,ngác
3724,Răng
3725,rứa
3726,răng
3727,bấp
3728,bênh
3729,AGPPS
3730,tụi
3731,DNNN
3732,Xúc
3733,Pro
3734,Professinal
3735,•
3736,Phượng
3737,buôn
3738,bứt
3739,HVNCLC
3740,trễ
3741,Nhiệm
3742,trui
3743,Đá
3744,đai
3745,Đời
3746,xà
3747,nàng
3748,gấu
3749,dâu
3750,phái
3751,trân
3752,Loạn
3753,vịt
3754,Rau
3755,D.Thu
3756,vuông
3757,phơi
3758,ao
3759,Sóc
3760,Trăng
3761,rải
3762,NN-PTNT
3763,Gạo
3764,mải
3765,lân
3766,ATM
3767,Vietcombank
3768,Finan
3769,Kanagawa
3770,Lineage
3771,VHTT
3772,Quỹ
3773,MICROSOFT
3774,WORD
3775,Tận
3776,Word
3777,Giấy
3778,cưỡng
3779,Star
3780,Wars
3781,Empire
3782,at
3783,War
3784,ngón
3785,đòn
3786,Bất
3787,Speed
3788,Kill
3789,nôm
3790,na
3791,lùng
3792,Nền
3793,tựa
3794,Fight
3795,Night
3796,Round
3797,MotorStorm
3798,Getaway
3799,Thao
3800,Trò
3801,www.disneyinteractive.com
3802,http
3803,://www.kutoka.com/_en/creatures_village.html
3804,Professor
3805,Fizzwizzle
3806,level
3807,Vô
3808,T.
3809,tép
3810,riu
3811,Cannon
3812,Blast
3813,MX
3814,Logic
3815,F-Secure
3816,e-mail
3817,GO
3818,cờ
3819,phú
3820,Biểu
3821,THANH
3822,TÙNG
3823,Mark
3824,Schwarze
3825,Middlesbrough
3826,thày
3827,Steve
3828,McLaren
3829,VCK
3830,Cafu
3831,Cicinho
3832,vời
3833,Champions
3834,League
3835,Olympic
3836,Athens
3837,Lance
3838,Armstrong
3839,Tour
3840,France
3841,Confidential
3842,quyển
3843,xảo
3844,Troy
3845,oxy
3846,Ngà
3847,nể
3848,Florentino
3849,Perez
3850,cỏ
3851,Muộn
3852,London
3853,lầm
3854,Martin
3855,sụp
3856,Eto
3857,'o
3858,Henry
3859,Barca
3860,Gunners
3861,hiệp
3862,Roberto
3863,Samuel
3864,Cordoba
3865,Trezeguet
3866,Ibrahimovic
3867,Canavaro
3868,Thuram
3869,Martins
3870,Adriano
3871,Emerson
3872,Figo
3873,hất
3874,cẳng
3875,Maradona
3876,VTC
3877,ngoặt
3878,êm
3879,đỉnh
3880,cống
3881,HĐTT
3882,HĐ
3883,im
3884,thóc
3885,Từng
3886,dường
3887,tân
3888,đôn
3889,non
3890,vãn
3891,Chấn
3892,Hoà
3893,Chỉnh
3894,TMN.CSG
3895,dốc
3896,FIFA
3897,nhường
3898,Phách
3899,chín
3900,ASIAD
3901,hoan
3902,Jakarta
3903,Thụ
3904,TDTT
3905,Huân
3906,Cameroon
3907,S.Eto’o
3908,Abedi
3909,Pele
3910,Đắt
3911,Bavaria
3912,TSV
3913,Munich
3914,Bayern
3915,Sân
3916,Pisico
3917,Rodrigues
3918,Lợi
3919,mét
3920,Ayorinde
3921,lê
3922,Lối
3923,Elenildo
3924,Isifu
3925,K.KH
3926,chuệch
3927,choạc
3928,ví
3929,von
3930,mau
3931,ma
3932,V-
3933,suôn
3934,Tam
3935,ĐTLA
3936,CHND
3937,Tề
3938,ngắm
3939,Đội
3940,cọ
3941,Dạng
3942,km/h
3943,Rộng
3944,Beetle
3945,Kích
3946,dò
3947,Innovech
3948,International
3949,Kong
3950,kw
3951,Italiadesign
3952,Karl
3953,Enrico
3954,Bernardi
3955,đeo
3956,Bớt
3957,vức
3958,ca-pô
3959,Thunder
3960,Sấm
3961,CNN
3962,Netcarshow
3963,Jason
3964,Hybridcars
3965,com
3966,cưng
3967,thám
3968,Vượt
3969,Vành
3970,chấu
3971,vô-lăng
3972,hoài
3973,Christos
3974,Roustemis
3975,Nomad
3976,Subaru
3977,Impreza
3978,WRX
3979,Lancer
3980,Evolution
3981,URGE
3982,OnStar
3983,OHV
3984,Hộp
3985,hư
3986,hỏng
3987,Laser
3988,Ranger
3989,Escape
3990,Mondeo
3991,Transit
3992,Ngồi
3993,Hạ
3994,xóc
3995,Bù
3996,Hino
3997,III
3998,Nghịch
3999,rầm
4000,rộ
4001,Tháng
4002,Adaptive
4003,Front
4004,Lighting
4005,System
4006,RX
4007,LF-A
4008,Azure
4009,Quá
4010,turbin
4011,thải
4012,bô
4013,nén
4014,cuộn
4015,VVT
4016,nạp-xả
4017,hằng
4018,Accord
4019,kép
4020,DSG
4021,ôm
4022,sét
4023,ACG
4024,Worldwide
4025,thoả
4026,Fiat
4027,Grande
4028,Punto
4029,Commander
4030,Patriot
4031,mag
4032,wheel
4033,gợi
4034,chinh
4035,uyển
4036,Centro
4037,Ricerche
4038,and
4039,Elasis
4040,JTDM
4041,Selespeed
4042,Hứa
4043,mỉa
4044,khiếp
4045,CSĐT
4046,trật
4047,Duy
4048,Đống
4049,Liễu
4050,kề
4051,đậm
4052,trêu
4053,chọc
4054,N.K.C
4055,tang
4056,Rất
4057,y
4058,BQL
4059,kính
4060,TTXH
4061,CA
4062,Thuý
4063,Chu
4064,Mầm
4065,hễ
4066,hò
4067,hét
4068,háu
4069,khù
4070,khờ
4071,son
4072,Triệt
4073,xài
4074,ném
4075,bẵm
4076,lồm
4077,cồm
4078,internet
4079,M.Ngọc
4080,PLLĐ
4081,khấu
4082,Chứng
4083,Giết
4084,Bị
4085,hiếp
4086,dâm
4087,trộm
4088,lữ
4089,Đương
4090,Bán
4091,H.L.Anh
4092,ETS
4093,Giảng
4094,Bành
4095,SchoolSMART
4096,tật
4097,Missouri
4098,mồi
4099,bở
4100,phức
4101,P.
4102,Phủ
4103,ELS
4104,TOEFL
4105,IELTS
4106,TOEIC
4107,Đóng
4108,www.nld.com.vn
4109,khoagiao@nld.com.vn
4110,Qui
4111,tọa
4112,VMS
4113,mào
4114,hà
4115,Rolex
4116,cậy
4117,trồ
4118,Rosie
4119,Cater
4120,GPC
4121,net
4122,Lauria
4123,Marriott
4124,Jon
4125,Raj
4126,Visa
4127,MCI
4128,Inc.
4129,computer-to-phone
4130,nghênh
4131,nhở
4132,đuợc
4133,mạo
4134,Orange
4135,County
4136,Thăm
4137,rực
4138,rỡ
4139,THÚC
4140,ĐẨY
4141,Bám
4142,Dec
4143,Shabox
4144,PM
4145,limited
4146,edition
4147,ngào
4148,miệt
4149,mài
4150,xỉu
4151,chợp
4152,Lấy
4153,trưa
4154,John
4155,contact
4156,TW
4157,TNCS
4158,www
4159,.doanthanhnien
4160,.org
4161,.vn
4162,Streamload
4163,Chấp
4164,nhũng
4165,Natasa
4166,Pinoza
4167,Dannii
4168,Minogue
4169,múa
4170,GĐ
4171,Dựa
4172,Lương
4173,Kê
4174,Nxb
4175,d
4176,thục
4177,c
4178,Cân
4179,Lai
4180,Cậu
4181,Vui
4182,mỉ
4183,cẩm
4184,nang
4185,Kẻ
4186,nhai
4187,đồn
4188,mỡ
4189,uống
4190,thịt
4191,sữa
4192,.HCM
4193,ướp
4194,Thung
4195,lũng
4196,Thạch
4197,thuỷ
4198,phiêu
4199,Ước
4200,Adrienne
4201,Cincinnati
4202,xăm
4203,xoi
4204,Italia
4205,Bồ
4206,nha
4207,kha
4208,cồng
4209,kềnh
4210,lí
4211,Airbus
4212,điêng
4213,Kickapoo
4214,Raul
4215,Garza
4216,Đưa
4217,bét
4218,BCI
4219,Asia
4220,topten
4221,Touggourt
4222,Cẩm
4223,CD-ROM
4224,Kẹo
4225,tẩy
4226,Times
4227,LAT
4228,Kinsley
4229,Castillo
4230,vú
4231,ACB
4232,Chọn
4233,Phá
4234,Kể
4235,FDI
4236,Masso
4237,lui
4238,HĐQT
4239,tàn
4240,chước
4241,Lòng
4242,chiêm
4243,ngủi
4244,đe
4245,Bảy
4246,Bống
4247,nhoi
4248,khểnh
4249,giã
4250,náo
4251,nhả
4252,đam
4253,tuợng
4254,thiếp
4255,Album
4256,gang
4257,duoi
4258,rieng
4259,chuc
4260,thuat
4261,cuoc
4262,ben
4263,ngoai
4264,khuyểnh
4265,duyên
4266,phập
4267,bừa
4268,Exenin
4269,ĐTV
4270,lỳ
4271,lợm
4272,Pomina
4273,Wurzburg
4274,khất
4275,OHSAKAI
4276,MAGNAN
4277,Mac-xây
4278,Thăng
4279,Sính
4280,bộc
4281,VinaCapital
4282,Vietnam
4283,Opportunities
4284,Fund
4285,VOF
4286,Vinaland
4287,Chân
4288,ISO
4289,nghiêm
4290,Sierra
4291,Leone
4292,KCN
4293,Chánh
4294,choáng
4295,GMP-
4296,ASEAN
4297,Parkson
4298,Zen
4299,Palaza
4300,Trưng
4301,Trãi
4302,vải
4303,Dạo
4304,Hanah
4305,Memory
4306,Love
4307,Friend
4308,Barney
4309,Chiểu
4310,Tần
4311,Q
4312,nồng
4313,cúm
4314,ngóng
4315,Thâm
4316,Thuế
4317,Cty
4318,Lúa
4319,ghe
4320,rạch
4321,chằng
4322,chịt
4323,xay
4324,xát
4325,chà
4326,lau
4327,vùn
4328,vụt
4329,Pratt
4330,School
4331,bong
4332,of
4333,Persia
4334,Two
4335,Thrones
4336,Ư
4337,Bạc
4338,bẽo
4339,khen
4340,mắng
4341,nhiếc
4342,Edward
4343,Castronova
4344,Indinana
4345,Tức
4346,Jordan
4347,Mechner
4348,DOS
4349,trôi
4350,văng
4351,tứ
4352,Phóng
4353,Thưa
4354,Indiana
4355,Stranglehold
4356,đứa
4357,Disney
4358,Didi
4359,Ditto
4360,First
4361,Grade
4362,www.knowledgeadventure.com
4363,ADSL
4364,FOX
4365,kiên
4366,gamer
4367,Niềm
4368,vnunet.com
4369,Billionaire
4370,City
4371,Leisure
4372,Shuttle
4373,Space
4374,Racer
4375,Serbi
4376,Rio
4377,Ferdinand
4378,Quỷ
4379,gien
4380,Ít
4381,Barcelona
4382,lưỡng
4383,lự
4384,Ronaldo
4385,Cesar
4386,luân
4387,Bờ
4388,Zidane
4389,VTV
4390,HTV
4391,gánh
4392,Ứng
4393,xưa
4394,hắc
4395,thăng
4396,BĐ
4397,lò
4398,VĐV
4399,U
4400,Hiếu
4401,bôi
4402,Eto’o
4403,hat-trick
4404,VIP
4405,Lượt
4406,UBTDTT
4407,JCF
4408,ml
4409,thai
4410,nghén
4411,lừng
4412,Mẫu
4413,Berardi
4414,valve
4415,Chevy
4416,Tahoe
4417,thói
4418,Jim
4419,Press
4420,TMS
4421,Motor
4422,Sales
4423,FiveAxis
4424,Scion
4425,cabin
4426,Mức
4427,phảng
4428,phất
4429,Aston
4430,quạt
4431,ca-bin
4432,đỗ
4433,thoa
4434,khứ
4435,cc
4436,ắc
4437,Eagle
4438,Pajero
4439,Extreme
4440,trộn
4441,Matiz
4442,Gala
4443,đùi
4444,vẹn
4445,sưu
4446,Dirk
4447,Brackel
4448,sưởi
4449,Bottrop
4450,Dusseldorf
4451,Trục
4452,ceramic
4453,má
4454,AMT
4455,chãi
4456,Đuôi
4457,gọn
4458,gàng
4459,Lớp
4460,phốt
4461,Tuyên
4462,nín
4463,nhịn
4464,trau
4465,chuốt
4466,lỏng
4467,composit
4468,tuyết
4469,chói
4470,tong
4471,ALFA
4472,Anonima
4473,Lombarda
4474,Fabbrica
4475,Automobili
4476,Tiếng
4477,V.QUANG
4478,tống
4479,TTXVN
4480,trèo
4481,nóc
4482,Trao
4483,lột
4484,cắn
4485,Thiếu
4486,Hiếm
4487,cằn
4488,nhằn
4489,té
4490,tát
4491,hu
4492,Bãi
4493,Cháy
4494,hỗn
4495,bê
4496,bết
4497,Sửa
4498,Bổ
4499,Vọng
4500,đò
4501,bạt
4502,Hào
4503,Tào
4504,Đồi
4505,bếp
4506,Diễm
4507,Kha
4508,Vạn
4509,ĐHQG
4510,vết
4511,bợm
4512,khuynh
4513,DNTN
4514,Lân
4515,B.
4516,Trân
4517,kí
4518,Signature
4519,Assent
4520,Pbstealer
4521,notepad
4522,Cdropper
4523,Cabir
4524,Locknut
4525,iSphere
4526,http://www.mobifone.com.vn/funring/
4527,hởi
4528,xxxxxx
4529,News
4530,bát
4531,dời
4532,Làng
4533,Lý
4534,hoả
4535,dấn
4536,Thạc
4537,www.nhacchuong.com.vn
4538,diode
4539,Akihara
4540,MediaMax
4541,Web
4542,rể
4543,Tấm
4544,Lịch
4545,tựu
4546,mười
4547,rinh
4548,Playboy
4549,Holdings
4550,Mà
4551,bách
4552,lũy
4553,=
4554,ngóc
4555,ngách
4556,Thiếp
4557,Đẳng
4558,Mở
4559,tắn
4560,Francois
4561,Infobroker
4562,Tờ
4563,Binh
4564,Ecuador
4565,Thân
4566,Tourist
4567,Kraft
4568,Foods
4569,lép
4570,Kashmir
4571,Slogan
4572,mường
4573,khốn
4574,IAEA
4575,bơi
4576,showbiz
4577,lăm
4578,bống
4579,mươi
4580,Gương
4581,toà
4582,tuyền
4583,mến
4584,Gái
4585,Hi
4586,Diem
4587,hen
4588,toan
4589,khac
4590,Tung
4591,Duong
4592,Luu
4593,Huong
4594,loay
4595,hoay
4596,đục
4597,ren
4598,vụn
4599,hé
4600,blu
4601,Biến
4602,Hạnh
4603,gieo
4604,sạ
4605,hecta
4606,Luận
4607,Đán
4608,rập
4609,Thánh
4610,sơmi
4611,hở
4612,Chiếu
4613,âu
4614,Gas
4615,Road
4616,Rush
4617,lùi
4618,RI
4619,Lee
4620,Su
4621,Jin
4622,Cố
4623,ngừa
4624,dối
4625,trá
4626,Online
4627,Entertainment
4628,EverQuest
4629,Station
4630,Exchange
4631,kịch
4632,cấp.
4633,chọi
4634,Ubisoft
4635,cỗ
4636,tậu
4637,Metronome
4638,nô
4639,suýt
4640,www.miniclip.com/download
4641,xâu
4642,Hildebrand
4643,trán
4644,Croatia
4645,.Garcia
4646,Benitez
4647,IGF-I
4648,Deloitte
4649,Touche
4650,Eto'o
4651,cúp
4652,chao
4653,mành
4654,rung
4655,lông
4656,Thomas
4657,cup
4658,xén
4659,Vắt
4660,nỡ
4661,tiếu
4662,lề
4663,Hạn
4664,khánh
4665,Jalan
4666,Besar
4667,AFC
4668,Hamman
4669,dọn
4670,Lứa
4671,Đạt
4672,Cực
4673,cua-rơ
4674,BTC
4675,Giáp
4676,Là
4677,TMN
4678,CSG
4679,dồn
4680,dập
4681,ám
4682,Tứ
4683,Bertha
4684,Mannheim
4685,Pforzheim
4686,sấm
4687,Powerflash
4688,triệt
4689,crossover
4690,Edge
4691,Lincoln
4692,MKX
4693,Theautochannel
4694,khám
4695,Maranello
4696,Nét
4697,Horbury
4698,Camry
4699,sặc
4700,mùi
4701,Tay
4702,Tremec
4703,VMC
4704,Kia
4705,Spectra
4706,Isuzu
4707,Hi-Lander
4708,Flying
4709,Spur
4710,Franz
4711,Josef
4712,Pafgen
4713,tơ
4714,VW
4715,bi-xenon
4716,hôi
4717,Croma
4718,đè
4719,ASR
4720,HBA
4721,In
4722,Fax
4723,Email
4724,ng.laodong@hcm.fpt.vn
4725,Nghiêm
4726,Vietnamnet
4727,PV
4728,CN
4729,Premier
4730,Liga
4731,DL
4732,Lộ
4733,gù
4734,sưa
4735,cóp
4736,Môi
4737,keyboard
4738,nốt
4739,SĐH
4740,chì
4741,compa
4742,nháp
4743,hoại
4744,gục
4745,ngấm
4746,ngầm
4747,hi-fi
4748,Andrew
4749,khuya
4750,trạm
4751,Đặt
4752,HO
4753,chèo
4754,CCHC
4755,speedousa.com
4756,thọ
4757,lì
4758,Lót
4759,Anjo
4760,Slatinšek
4761,Ramona
4762,Irgolič
4763,Kate
4764,Moss
4765,Colin
4766,Farrell
4767,US
4768,Hãn
4769,Bật
4770,CAD
4771,max
4772,mập
4773,Bích
4774,Đụng
4775,ác
4776,Assam
4777,Delta
4778,Business
4779,American
4780,Airlines
4781,Dây
4782,Cáp
4783,Taya
4784,niêm
4785,yết
4786,TYA
4787,AFTA
4788,khốc
4789,Lạp
4790,Sicily
4791,đắng
4792,Bấm
4793,valentine
4794,gáy
4795,Fall
4796,love
4797,Ngực
4798,Ế
4799,Ghe
4800,nghiêng
4801,quota
4802,British
4803,Tobacco
4804,chập
4805,chững
4806,Ra
4807,Bỉ
4808,xắn
4809,lứa
4810,FED
4811,đôla
4812,Liêu
4813,P.A.T
4814,Baang
4815,dả
4816,phe
4817,ngợi
4818,gameplay
4819,lạng
4820,Heavenly
4821,Sword
4822,CD
4823,Norns
4824,www.ptv.com.vn
4825,Nintendo
4826,Revolution
4827,hèn
4828,nhát
4829,lội
4830,Veron
4831,Cambiasso
4832,Viera
4833,Q.L
4834,Beckenbauer
4835,Herzog
4836,Meuron
4837,Mafia
4838,L-Finess
4839,Gottlieb
4840,Daimler
4841,pickup
4842,Logo
4843,gallon
4844,Murano
4845,Pathfinder
4846,Bloomberg
4847,Ngược
4848,Marcello
4849,Gandini
4850,composite
4851,trà
4852,đát
4853,Lacetti
4854,Vios
4855,đế
4856,GLi
4857,XLi
4858,zin
4859,Environmental
4860,Protection
4861,Agency-EPA
4862,cacbon
4863,dioxit
4864,kẽm
4865,Automotive
4866,Systems
4867,ngòi
4868,Giorgetto
4869,Giugiaro
4870,chắt
4871,H.Minh
4872,CSND
4873,Trại
4874,ngực
4875,chổng
4876,lở
4877,loét
4878,mẫn
4879,Đơn
4880,thốn
4881,Điền
4882,nhậm
4883,T.Bình
4884,William
4885,Hills
4886,rôm
4887,rả
4888,Tham
4889,Tú
4890,multimedia
4891,thắc
4892,Khoagiao@nld.com.vn
4893,núc
4894,giường
4895,Cư
4896,Trinh
4897,Kao
4898,Tám
4899,ôn
4900,yen
4901,Hiệu
4902,Nhỏ
4903,hớp
4904,Tricky
4905,Kids
4906,ESPN
4907,router
4908,Cisco
4909,Oracle
4910,VoIP
4911,đạn
4912,mưu
4913,Starbuck
4914,cơm
4915,Dinh
4916,Trời
4917,Đấu
4918,Guttag
4919,Massachusett
4920,Dẫu
4921,cội
4922,ngẩng
4923,Angelina
4924,Jolie
4925,Maddox
4926,riết
4927,Laura
4928,Gilbert
4929,Knot
4930,Health
4931,Maxim
4932,Stuff
4933,ỏi
4934,Body
4935,Shop
4936,Cúm
4937,resort
4938,gofl
4939,khê
4940,Dược
4941,FDA
4942,Canada
4943,Poster
4944,họat
4945,oái
4946,ăm
4947,Hát
4948,noi
4949,Xấp
4950,Dư
4951,xôn
4952,xao
4953,ngâm
4954,thau
4955,chậu
4956,săm
4957,Này
4958,run
4959,lẩy
4960,bẩy
4961,thuế}
4962,{trực
4963,áy
4964,náy
4965,THỊ
4966,TRƯỜNG
4967,gao
4968,lủng
4969,'Zup
4970,Essance
4971,Oriflame
4972,T.Nhân
4973,S.Nhung
4974,nhích
4975,Legend
4976,Mir
4977,Westward
4978,Journey
4979,Fantasy
4980,Warcraft
4981,Alamo
4982,engine
4983,thỉnh
4984,mách
4985,hóm
4986,hỉnh
4987,Anarchy
4988,Dog
4989,Tag
4990,đố
4991,Bar
4992,TechWeb
4993,erythropoietin
4994,GĐĐH
4995,Catalan
4996,Txiki
4997,Beguiristain
4998,'Eto
4999,tạt
5000,cự
5001,Fernando
5002,Torres
5003,Nou
5004,Camp
5005,vắt
5006,ròi
5007,chánh
5008,Samba
5009,Williams
5010,Santos
5011,Antonio
5012,Padilha
5013,Đôi
5014,pô
5015,Businessweek
5016,functional
5017,Murcialego
5018,Gallardo
5019,Bugatti
5020,Veyron
5021,cốp
5022,nhô
5023,Daewoo
5024,Nubira
5025,Lanos
5026,SE
5027,ghen
5028,tị
5029,HSBC
5030,CLS
5031,Vinastar
5032,sợi
5033,triết
5034,L-Finesse
5035,Khung
5036,Mật
5037,CSHS
5038,phỉnh
5039,tò
5040,mò
5041,tào
5042,cộ
5043,buông
5044,Lực
5045,Manchester
5046,United
5047,chùa
5048,Lạng
5049,rủ
5050,quắc
5051,post
5052,men
5053,chè
5054,Mời
5055,Stuart
5056,Tomlinson
5057,thỏm
5058,bội
5059,lăn
5060,giơ
5061,đà
5062,chớp
5063,Đừng
5064,Alba
5065,Simpson
5066,Education
5067,Glance
5068,sót
5069,ốp
5070,Kazan
5071,Cam
5072,Lu
5073,Sếu
5074,marketing
5075,ngưỡng
5076,sướng
5077,mướn
5078,Gọi
5079,http://www.dalink.vietnamnet.vn
5080,bỗng
5081,chốc
5082,xơ
5083,đới
5084,nức
5085,Mohammed
5086,Xóa
5087,uớc
5088,Mến
5089,Tóm
5090,AAUP
5091,Association
5092,University
5093,Professors
5094,Cali
5095,Đều
5096,tú
5097,N.Mai
5098,gas
5099,ĐÀO
5100,NGỌC
5101,PHƯỢNG
5102,Scarface
5103,is
5104,Yours
5105,Giống
5106,DVD
5107,Neville
5108,SGGP
5109,quãng
5110,điềm
5111,đạm
5112,hiền
5113,vỏn
5114,Czech
5115,thoi
5116,EFTE
5117,ehylene
5118,tetrafluo-ethylene
5119,Long-wheelbase
5120,Sedan
5121,Gầm
5122,Vóc
5123,Mustang
5124,SVT
5125,Cobra
5126,ngư
5127,khan
5128,MT
5129,Cruise
5130,Control
5131,Pre-Crash
5132,Safety
5133,Turbocharger
5134,Supercharger
5135,IMA
5136,Dài
5137,Boxster
5138,Magiê
5139,khinh
5140,tẩu
5141,P.T
5142,V.T.P.
5143,ắp
5144,rượu
5145,búa
5146,taxi
5147,Mãi
5148,vòi
5149,túng
5150,VSKND
5151,Đậu
5152,Q.Tân
5153,Giai
5154,Năng
5155,Hoặc
5156,e-chip
5157,Vodafone
5158,Xô
5159,matxa
5160,Cabin
5161,Hương
5162,Quỳnh
5163,Xinh
5164,IEA
5165,Gian
5166,Sống
5167,Mùng
5168,Shoko
5169,khiêm
5170,mờ
5171,vá
5172,sỉ
5173,giêng
5174,VinaGame
5175,Formula
5176,Đồ
5177,auto-save
5178,Tải
5179,Virus
5180,Ronaldinho
5181,Robinho
5182,Sweeney
5183,Pennsylvania
5184,synthetic
5185,gene
5186,knock-out
5187,David
5188,Beckham
5189,Nặng
5190,Tshamala
5191,ủi
5192,CĐV
5193,Cụm
5194,vuốt
5195,xuôi
5196,ACF
5197,bướm
5198,Rác
5199,axít
5200,coupé
5201,CVT
5202,Big
5203,Three
5204,Chrysler
5205,LF-X
5206,LF-C
5207,LF-S
5208,Hễ
5209,Chiêm
5210,A.Phương
5211,M.Hương
5212,Chợ
5213,Rẫy
5214,@
5215,mainboard
5216,McAfee
5217,mồng
5218,Verizon
5219,Wireless
5220,Sprint
5221,Nextel
5222,canU
5223,bồn
5224,rửa
5225,tắm
5226,Chức
5227,vượng
5228,Arlene
5229,Raventos
5230,nồi
5231,Săn
5232,scandal
5233,Thai
5234,Son
5235,Go
5236,Vap
5237,baỳ
5238,Ha
5239,Noi
5240,bìa
5241,thin
5242,thít
5243,CPI
5244,Dễ
5245,mầm
5246,khô
5247,mọc
5248,tưới
5249,sâm
5250,banh
5251,Chàng
5252,tóc
5253,hoe
5254,Project
5255,tụng
5256,www.miniclip.com
5257,đóa
5258,protein
5259,Dean
5260,Ashton
5261,Siro
5262,Valencia
5263,sậm
5264,vế
5265,đọ
5266,.Ngọc
5267,buồm
5268,Franzi
5269,Poness
5270,IIHS
5271,Insurance
5272,Institute
5273,for
5274,Highway
5275,sườn
5276,ba-đờ-sốc
5277,Racecraft
5278,Volta
5279,Mác
5280,Suzuki
5281,Hitachi
5282,Crewe
5283,Khác
5284,sải
5285,Jetta
5286,Nouva
5287,Panda
5288,Aisin
5289,ẩu
5290,Toan
5291,liễu
5292,vặt
5293,mặn
5294,Laptop
5295,Liou
5296,Britney
5297,kén
5298,Tùng
5299,Ngã
5300,ngổn
5301,dặn
5302,đói
5303,Xăng
5304,Petrolimex
5305,Xài
5306,Tuyệt
5307,giang
5308,Sand
5309,Priston
5310,Tale
5311,Garcia
5312,cớ
5313,ầm
5314,ĩ
5315,GRP
5316,đầm
5317,Rob
5318,Lache
5319,Deutsche
5320,miêu
5321,IAA
5322,Dàn
5323,vòm
5324,Bose
5325,hên
5326,Singbet
5327,ngõ
5328,Quán
5329,Cống
5330,HƯỚNG
5331,DẪN
5332,GIẢM
5333,TẢI
5334,CHƯƠNG
5335,TRÌNH
5336,TIỂU
5337,HỌC
5338,R
5339,hòi
5340,Electronics
5341,dẫu
5342,thê
5343,H.S
5344,nacion
5345,globalbeauties
5346,TP.HCM}
5347,Khuôn
5348,Lầu
5349,Góc
5350,mây
5351,TEDI
5352,California
5353,PGS
5354,Cửa
5355,chật
5356,ních
5357,Dâu
5358,Kou
5359,Xiaowei
5360,chạp
5361,Norn
5362,Nery
5363,Ricardinho
5364,Corinthians
5365,Vài
5366,Epoietin
5367,EPO
5368,ngoạn
5369,Zaragoza
5370,nã
5371,Nhạt
5372,derby
5373,Agribank
5374,Olympique
5375,cỗi
5376,Felix
5377,Jonathan
5378,Highlander
5379,MSNBC
5380,Vette
5381,Levinson
5382,loa
5383,W
5384,Navigator
5385,Variable
5386,Valve
5387,Timing
5388,Lift
5389,Caliber
5390,rệt
5391,KSND
5392,Tròn
5393,Reuters
5394,Anchorage
5395,Sex
5396,đoan
5397,sờ
5398,IVR
5399,trặc
5400,phôi
5401,Calvin
5402,MSN
5403,Advice
5404,Max
5405,Baucus
5406,đảng
5407,Montana
5408,HĐBA
5409,Ree
5410,Sacombank
5411,Sultan
5412,Phiến
5413,sầu
5414,Non
5415,chui
5416,khuất
5417,Thằng
5418,vụng
5419,Dragon
5420,Capita
5421,VIEL
5422,VGF
5423,bá
5424,rễ
5425,nhuộm
5426,chốt
5427,Nhanh
5428,Dirty
5429,Harry
5430,www.bravekidgames.com
5431,rương
5432,Thun
5433,Slavia
5434,Prague
5435,Hamburg
5436,Palermo
5437,Soriano
5438,vạch
5439,Uzbekistan
5440,Sports
5441,Car
5442,sport
5443,car
5444,vần
5445,Pronto
5446,Mekong
5447,AutoPetro
5448,gỗ
5449,ẩm
5450,ngự
5451,chảy
5452,dãn
5453,nhử
5454,Hướng
5455,xì-căng-đan
5456,karaoke
5457,Bưởi
5458,Thuấn
5459,KH-
5460,Life
5461,Knowledge
5462,Consultancy
5463,Pte.
5464,Ltd
5465,Đước
5466,Ao
5467,Cánh
5468,sương
5469,mù
5470,đệm
5471,Chuyến
5472,Intel
5473,AMD
5474,font
5475,ÐT
5476,Allen
5477,R.Portman
5478,khoái
5479,Hẳn
5480,mớ
5481,hổ
5482,lốn
5483,CNPM
5484,That
5485,lam
5486,roi
5487,nen
5488,Viet
5489,tram
5490,ĐHY
5491,đọng
5492,hăng
5493,Louis
5494,Sô-cô-la
5495,Sen
5496,cày
5497,Jackson’s
5498,King
5499,VDC
5500,BC
5501,VT
5502,Rooney
5503,ghét
5504,Harewood
5505,Maik
5506,Taylor
5507,Del
5508,Piero
5509,Philippines
5510,Full
5511,Moon
5512,Detnews
5513,Trào
5514,ghẽ
5515,Ôtô
5516,Auto
5517,lác
5518,tủ
5519,Nộp
5520,Gill
5521,Hyun-chang
5522,Plaza
5523,rảnh
5524,mọ
5525,Vacxava
5526,SEV
5527,COMECOM
5528,phẩy
5529,Chunlong
5530,go
5531,Honduras
5532,Dominica
5533,lay
5534,Diệu
5535,Vi
5536,giftcertificates
5537,Spider-Man
5538,Starship
5539,Eleven
5540,Dấu
5541,tách
5542,Amenio
5543,Cabriolet
5544,IHCC
5545,Intelligent
5546,G.Glitter
5547,dôi
5548,Sweetheart
5549,Isabelle
5550,Knispel
5551,Tranh
5552,Walt
5553,Chinadaily
5554,ANN
5555,Tầm
5556,châm
5557,Condemned
5558,Criminal
5559,Origins
5560,dũng
5561,…mà
5562,Danijel
5563,vớt
5564,vát
5565,ngả
5566,rẽ
5567,chảo
5568,Goldman
5569,Sachs
5570,háo
5571,hức
5572,Corp
5573,nhược
5574,mòn
5575,Phố
5576,mât
5577,modem
5578,Huyền
5579,Kingdom
5580,tông
5581,Vốn
5582,load
5583,Blu-Ray
5584,Fiorentina
5585,đả
5586,LĐMTXĐ
5587,Toledo
5588,Automobilmagazine
5589,Khó
5590,lười
5591,Thầy
5592,review
5593,Sỹ
5594,hán
5595,màng
5596,tuốt
5597,gồng
5598,mỷ
5599,ruy-băng
5600,trề
5601,Ngoạn
5602,Cự
5603,Ta`i
5604,Hoa`i
5605,Hoài
5606,Nhơn
5607,www.atari.com/atarikids
5608,InPhase
5609,Technologies
5610,Maxell
5611,Nigeria
5612,Tunisia
5613,Ed
5614,Lapham
5615,Hoành
5616,Monoblock
5617,Lớn
5618,mèm
5619,IWEP
5620,Hiroshima
5621,Scotland
5622,QUẢ
5623,CẦU
5624,ÂM
5625,NHẠC
5626,Cha
5627,Quần
5628,lõng
5629,Vườn
5630,J&D
5631,Vinako
5632,cat
5633,TMCP
5634,Eximbank
5635,Kiêu
5636,ho
5637,nhat
5638,nung
5639,nấu
5640,Đốc
5641,Xương
5642,Sub
5643,nghẹt
5644,khoáng
5645,Weber
5646,IDL
5647,Giữa
5648,nan
5649,guốc
5650,thợ
5651,hớt
5652,xui
5653,vịn
5654,ráng
5655,MacTavish
5656,ven
5657,đuờng
5658,Index
5659,Shiite
5660,Ibrahim
5661,al-Jaafari
5662,cuỡi
5663,nhào
5664,mĩ
5665,vọt
5666,Essien
5667,khoác
5668,Turbin
5669,uổng
5670,Thức
5671,Đi
5672,NG
5673,Wikipedia
5674,ngững
5675,Bibica
5676,Economist
5677,H.Calisto
5678,Môn
5679,Cai
5680,dreaming
5681,xịt
5682,manager
5683,Xí
5684,rùa
5685,Playstation
5686,Live
5687,Windows
5688,Cứu
5689,lon
5690,úy
5691,mấu
5692,Bức
5693,Weggis
5694,khái
5695,nhị
5696,rao
5697,luồng
5698,RCD
5699,mâm
5700,N.H.T
5701,Moscow
5702,tấp
5703,Xa
5704,Jung
5705,Won
5706,Chú
5707,vỉa
5708,Work
5709,art
5710,studio
5711,Bairút
5712,Braxin
5713,Mực
5714,Thuyên
5715,loan
5716,Trở
5717,Frottmaning
5718,euro
5719,Khoá
5720,Torsen
5721,rót
5722,enter
5723,tràm
5724,rặng
5725,bầy
5726,xóm
5727,giắt
5728,Ca-bin
5729,thửa
5730,khuỷu
5731,Bồi
5732,Đuốc
5733,Giấc
5734,Ấy
5735,Techcombank
5736,Phiếu
5737,Lạch
5738,Tray
5739,Visuco
5740,Vitara
5741,AG-
5742,urê
5743,Khiêm
5744,dong
5745,Thới
5746,Ngự
5747,Thuốc
5748,dinh
5749,rục
5750,rịch
5751,kẽ
5752,Gran
5753,Turismo
5754,Myanmar
5755,Khe
5756,lưỡi
5757,Sendtool
5758,Khéo
5759,nuối
5760,Meira
5761,ì
5762,ạch
5763,Muối
5764,A.Riedl
5765,ngông
5766,Roger
5767,Entner
5768,Ovum
5769,tạ
5770,Cạnh
5771,Hom
5772,khuc
5773,dac
5774,biet
5775,D.Tuấn
5776,Solomon
5777,Nhóm
5778,chúm
5779,chím
5780,lẳng
5781,lơ
5782,SK
5783,won
5784,Rõ
5785,Oanh
5786,Lệnh
5787,Xung
5788,e-CHIP
5789,rằm
5790,xi-măng
5791,Đáy
5792,hóc
5793,mộng
5794,nấy
5795,Đoạn
5796,Theseis
5797,ùn
5798,Mối
5799,K
5800,Dĩ
5801,Picasso
5802,off
5803,trác
5804,thắp
5805,Casino
5806,Nơi
5807,hydro
5808,VĂN
5809,HÓA
5810,phô
5811,đậu
5812,sô
5813,bì
5814,ghê
5815,gớm
5816,APEC
5817,Uniroyal
5818,Goodrich
5819,triều
5820,Galatic
5821,Rebel
5822,V.TÙNG
5823,kỵ
5824,đan
5825,mốc
5826,Lưu
5827,MMORPG
5828,Tuyết
5829,Apollo
5830,Tha
5831,Adrian
5832,Lund
5833,Bước
5834,Shanda
5835,NetEast
5836,Ltd.
5837,mô-tơ
5838,thâm
5839,J.Burgess
5840,Third
5841,Screen
5842,Media
5843,Lô
5844,EPC
5845,Portman
5846,G.V.
5847,Quyên
5848,Lang
5849,Th.S
5850,đòan
5851,NPT
5852,Ahmadinejad
5853,trườn
5854,H.Phương
5855,Belfast
5856,Telegraph
5857,Rostock
5858,CHLB
5859,Mong
5860,mỏi
5861,Tới
5862,Victoria
5863,trừu
5864,đũa
5865,Mộ
5866,Thịnh
5867,Buffon
5868,Thòn
5869,giương
5870,Duẩn
5871,bổng
5872,www.elephant-games.com
5873,lây
5874,Túi
5875,xách
5876,BFG
5877,bung
5878,Gosfell
5879,slogan
5880,khấp
5881,http://dalink.vietnamnet.vn/vn/bimattraitim/
5882,JTS
5883,George
5884,Magliano
5885,Global
5886,Insight
5887,Ơi
5888,nguời
5889,ngoaị
5890,đén
5891,NGUỜI
5892,ẤY
5893,Recoba
5894,MMS
5895,nòng
5896,bậy
5897,óc
5898,Camoranesi
5899,Semuel
5900,Zanetti
5901,nude
5902,Tưởng
5903,Cấm
5904,Adrenalin
5905,hoóc-môn
5906,hưng
5907,Elf
5908,phun
5909,Diên
5910,Giêng
5911,nickname
5912,ngầu
5913,Stone
5914,gở
5915,Nhạc
5916,H.Lan
5917,SGTT
5918,Enzo
5919,HCV
5920,đực
5921,mũ
5922,quàng
5923,D-Max
5924,Giận
5925,Devil
5926,Cry
5927,Chuông
5928,muà
5929,Warhawk
5930,Metal
5931,Gear
5932,Solid
5933,Nedved
5934,Stankovic
5935,choco
5936,bella
5937,bơ
5938,phộng
5939,light
5940,isomalt
5941,kiêng
5942,gậy
5943,hân
5944,đức
5945,Pierre
5946,Coubertin
5947,sò
5948,nghịch
5949,trệ
5950,thẹn
5951,Wandering
5952,Suốt
5953,thừng
5954,Alan
5955,Pardew
5956,Norwich
5957,Tiềm
5958,sủa
5959,Ừ
5960,Abarth
5961,Smart
5962,Crosstown
5963,giỏ
5964,Thiệu
5965,MIA
5966,ACSA
5967,Archetype
5968,DP
5969,ICP
5970,NQH
5971,Site
5972,Architecture
5973,SWA
5974,Ân
5975,xút
5976,Roque
5977,Junior
5978,Juan
5979,Cris
5980,Lucio
5981,Luisao
5982,Da
5983,Assis
5984,XA
5985,HỘI
5986,tòan
5987,Delamare-Deboutteville
5988,Malandin
5989,nón
5990,dép
5991,Fujij
5992,Q.Thủ
5993,Singgapore
5994,bèo
5995,ngach
5996,xáo
5997,Venezuela
5998,nitrofurans
5999,malachite
6000,green
6001,tám
6002,Topten
6003,Lefaso
6004,E-mobile
6005,GHz
6006,rước
6007,trừng
6008,N.HỮU
6009,L.Minh
6010,Trolli
6011,Gummi
6012,Candy
6013,chẹt
6014,bẹp
6015,Wikitorial
6016,Nhiệt
6017,dại
6018,thính
6019,Thì
6020,bèn
6021,ư
6022,rắc
6023,Rượu
6024,Phở
6025,Gắn
6026,Vietfood
6027,Tạn
6028,PR
6029,túy
6030,Mễ
6031,Trì
6032,uranium
6033,Dick
6034,Cheney
6035,pklinh@vasc
6036,vn
6037,Ngẩng
6038,Chúa
6039,Hết
6040,que
6041,diêm
6042,Chết
6043,sáo
6044,rỗng
6045,Shotaro
6046,Yachi
6047,Đới
6048,Tôkiô
6049,Ca
6050,Mười
6051,naỳ
6052,albm
6053,HA
6054,NOI
6055,NS
6056,valentin
6057,gi`
6058,điếu
6059,nguyễn
6060,EM
6061,Happy
6062,kỉ
6063,luon
6064,si
6065,thuc
6066,bieu
6067,dien
6068,te
6069,mat
6070,tren
6071,khau
6072,phai
6073,buon
6074,chan
6075,lop
6076,hien
6077,chuan
6078,bi
6079,suc
6080,bat
6081,Chuc
6082,conG
6083,doi
6084,pham
6085,se
6086,nguon
6087,dai
6088,nguong
6089,ngam
6090,chuơng
6091,Hoang
6092,UK
6093,Tràng
6094,Bỗng
6095,đùng
6096,dè
6097,dặt
6098,Lúng
6099,nhã
6100,cháo
6101,chùm
6102,BHYT
6103,bẩm
6104,chẩn
6105,gan
6106,phổi
6107,Bứt
6108,giọt
6109,Đắm
6110,trẩy
6111,Chùm
6112,Lên
6113,gốm
6114,Chăm
6115,bục
6116,UCI
6117,Irvine
6118,Phẫu
6119,Sydney
6120,Manila
6121,Berlin
6122,Diego
6123,Toulouse
6124,Zurich
6125,Cannes
6126,Tao
6127,họng
6128,Quay
6129,luỹ
6130,SVTL
6131,IDJ
6132,Pearl
6133,Themanor
6134,vin
6135,bón
6136,KINH
6137,TẾ
6138,ITPC
6139,Khanh
6140,súc
6141,Doing
6142,WB
6143,IFC
6144,casino
6145,.Hà
6146,.Anh
6147,Agifish
6148,mõi
6149,Choco
6150,Thiệp
6151,Amore
6152,Debon
6153,Clinique
6154,Gấu
6155,.Nhung
6156,mi
6157,cất
6158,you
6159,mousse
6160,đáy
6161,vã
6162,Dealogic
6163,Sóng
6164,Thẻ
6165,Seoul
6166,Hwang
6167,Min
6168,Yonsei
6169,Vista
6170,nhuệ
6171,LucasArts
6172,Gameover
6173,chầm
6174,cạm
6175,bẫy
6176,Video
6177,z
6178,Sector
6179,Eyedentify
6180,Gundam
6181,Killzone
6182,NioH
6183,Psychopath
6184,Tekken
6185,Vision
6186,Village
6187,Exodus
6188,lện
6189,Master
6190,Basics
6191,Rage
6192,www.grubbygames.com
6193,Unicode
6194,chướng
6195,mìn
6196,v.v...
6197,bonus
6198,T.T
6199,quỵ
6200,hạm
6201,KB
6202,rạng
6203,Need
6204,Mos
6205,Wanted
6206,Ridge
6207,Miko
6208,Hyppnen
6209,THEO
6210,REUTERS
6211,BBC
6212,VND
6213,Cờ
6214,www.gameonsoftware.com
6215,vô-lê
6216,Zvonimir
6217,Soldo
6218,chệch
6219,Gottlieb-Daimler
6220,Cú
6221,đinh
6222,núng
6223,tịt
6224,Wigan
6225,Hyypia
6226,Doping
6227,phui
6228,THG
6229,Bay
6230,Area
6231,Laboratory
6232,Co-operative
6233,vợt
6234,Greg
6235,Rusedski
6236,nandrolone
6237,luồn
6238,insuline
6239,insulinlike
6240,growth
6241,factor
6242,.Lee
6243,khỉ
6244,chó
6245,Florence
6246,Griffith
6247,Joyner
6248,kình
6249,Yossi
6250,Benayoun
6251,Roman
6252,Abramovich
6253,Thierry
6254,Victor
6255,Munoz
6256,sạt
6257,Vieira
6258,Capello
6259,Ron
6260,Greenwood
6261,Milito
6262,Ewerthon
6263,nôi
6264,Tiger
6265,nạng
6266,dắt
6267,bon
6268,chen
6269,Ngẫu
6270,.Riedl
6271,ƯCV
6272,nhức
6273,vấp
6274,mâu
6275,thuẫn
6276,nhối
6277,Trợ
6278,Tavares
6279,ngoặc
6280,Argentina
6281,Đạm
6282,Uyên
6283,Gây
6284,then
6285,A.
6286,AS
6287,Roma
6288,Udinese
6289,mì
6290,mộc
6291,bê-tông
6292,Wolrd
6293,MUNICH
6294,THÁNG
6295,Nirut
6296,Zico
6297,Almeida
6298,Thưởng
6299,Trindade
6300,.Trung
6301,Né
6302,điền
6303,giũ
6304,Mitsustar
6305,sỏ
6306,stereo
6307,VDIM
6308,Vehicle
6309,Dynamics
6310,Management
6311,ForTwo
6312,nhựa
6313,pick-up
6314,Automobile
6315,auto
6316,dĩ
6317,vãng
6318,lẫm
6319,Phanh
6320,xo
6321,urethane
6322,coóng
6323,Fusion
6324,Mercury
6325,Zephyr
6326,Wall
6327,Street
6328,Journal
6329,Hisakazu
6330,Imaki
6331,Autodata
6332,Aveo
6333,Gentra
6334,Automobilmag
6335,Fields
6336,Prius
6337,Leonardo
6338,DiCaprio
6339,Cameron
6340,Diaz
6341,Larry
6342,tháp
6343,Felipe
6344,Roo
6345,Clefas
6346,Lốp
6347,tru
6348,CR-V
6349,Eyeson
6350,Design
6351,Award
6352,Nhắm
6353,Urge
6354,gập
6355,vạm
6356,mẩy
6357,nâu
6358,dỗ
6359,Vẫn
6360,Ragin
6361,Bull
6362,Sting
6363,Ray
6364,Cadillac
6365,XLR
6366,vân
6367,Family
6368,axit
6369,lụt
6370,Altis
6371,C-class
6372,minibus
6373,Chiếm
6374,Carry
6375,Truck
6376,CKD
6377,IKD
6378,Grandis
6379,Carnival
6380,ắng
6381,Siêu
6382,L-FA
6383,turbo
6384,Phun
6385,Direct
6386,Fuel
6387,Injection
6388,Continuously
6389,Transmission
6390,Automated
6391,Manual
6392,CMS
6393,Collision
6394,Mitigation
6395,Brake
6396,STi
6397,VIII
6398,station
6399,wagon
6400,sấy
6401,giáng
6402,NMW
6403,Coupe
6404,XK
6405,S-Class
6406,compact
6407,Opel
6408,Antara
6409,Citroen
6410,SportLounge
6411,Accent
6412,SR
6413,Chế
6414,thẳm
6415,gợn
6416,khệnh
6417,khạng
6418,Nicola
6419,EuroNCAP
6420,laser
6421,dạo
6422,Nam-
6423,xẻ
6424,môtô
6425,lăng
6426,lượn
6427,lờ
6428,Thìn
6429,trăng
6430,quất
6431,phăng
6432,tễ
6433,toanh
6434,Lôi
6435,ĐH-CĐ
6436,TỪ
6437,CHỐI
6438,BỒI
6439,TỈ
6440,ĐỒNG
6441,hô
6442,đếm
6443,ngẩn
6444,xỏ
6445,vung
6446,đấm
6447,mồm
6448,rụng
6449,nếm
6450,gặm
6451,nhấm
6452,CÁC
6453,KHÁC
6454,Th.Đoan
6455,Khả
6456,Ng.Hậu
6457,T.H.N
6458,Mộng
6459,bự
6460,show
6461,BBA
6462,MBA
6463,LĐ-TB-XH
6464,chuồng
6465,Ký
6466,Bắc-Nam
6467,ilu_rain@yahoo.com
6468,GV
6469,"chạy"""
6470,ThS
6471,Ngôn
6472,Ila
6473,Đ.N.T
6474,nhí
6475,Chicago
6476,Tribune
6477,CBS
6478,Nguy
6479,đơ
6480,Hello
6481,Đáp
6482,Phùng
6483,Khắc
6484,Bàng
6485,Horizon
6486,Luân
6487,Đôn
6488,IES
6489,H.Lân
6490,xá
6491,bợ
6492,Đọc
6493,marketinh
6494,UNISUN
6495,Utretch
6496,Đểu
6497,BLĐ
6498,diều
6499,Doha
6500,#NAME?
6501,Mikado
6502,(P.C)
6503,Bourbon
6504,Metro
6505,Cash
6506,Lotteria
6507,Medicare
6508,gold
6509,farmers
6510,Sven-Goran
6511,Eriksson
6512,.Benitez
6513,tiêm
6514,tetrahydrogestrinone
6515,USADA
6516,Espanyol
6517,Deportivo
6518,cứa
6519,�HQG}.
6520,chớ
6521,Hỗn
6522,tủm
6523,tỉm
6524,Đang
6525,ĐATP
6526,rèn
6527,Kiệm
6528,nhi.
6529,VietJet
6530,HOSE
6531,YEG
6532,YouTube
6533,Facebook
6534,CTCP
6535,HSC
6536,GTGD
6537,repo
6538,TPCP
6539,BCTC
6540,``
6541,''
6542,NĐT
6543,“
6544,”
6545,Stockbook
6546,Vịt
6547,KDC
6548,DRC
6549,òng
6550,HPG
6551,HSG
6552,NKG
6553,VNM
6554,KDH
6555,BĐS
6556,Khoản
6557,CP
6558,LCG
6559,HDC
6560,KQKD
6561,Trạng
6562,MBS
6563,Rủi
6564,Vnindex
6565,rổ
6566,lắc
6567,Fibonacci
6568,SHS
6569,gap
6570,nản
6571,VN-Index
6572,FPTS
6573,Bluechips
6574,cutloss
6575,Apple
6576,Samsung
6577,balance
6578,Net
6579,working
6580,capital
6581,NWC
6582,đặn
6583,VnIndex
6584,ả
6585,DHG
6586,Imexpharm
6587,IMP
6588,Domesco
6589,DMC
6590,DHT
6591,Taisho
6592,Pharmaceutical
6593,CTCK
6594,nới
6595,room
6596,Traphaco
6597,Habeco
6598,Vietjet
6599,Top
6600,ROE
6601,HSX
6602,HNX
6603,MBB
6604,giữ​
6605,Shanghai
6606,Composite
6607,margin
6608,call
6609,đoái
6610,Hang
6611,Seng
6612,Enterprises
6613,Căng
6614,MarketWatch
6615,Dao
6616,Fed
6617,Trump
6618,Triều
6619,hoán
6620,phầm
6621,lãi/lỗ
6622,siết
6623,NHNN
6624,Nay
6625,ở.
6626,BOT
6627,BT
6628,Tránh
6629,Vai
6630,IPO
6631,VHM
6632,VNIndex
6633,GAS
6634,Upcom-Index
6635,HNX-Index
6636,VIC-VHM
6637,BID
6638,TCB
6639,DXG
6640,CTD
6641,ROS
6642,SAB
6643,BHN
6644,VJC
6645,VPB
6646,VHC
6647,ANV
6648,IDI
6649,ATO
6650,PVD
6651,PLX
6652,Hose
6653,PVS
6654,PVC
6655,BSR
6656,OIL
6657,Upcom
6658,UPCoM
6659,HDB
6660,ATC
6661,đồng/phiên
6662,trading
6663,discount
6664,STB
6665,Hnx-Index
6666,VIC
6667,HNG
6668,NVL
6669,PTB
6670,điếm
6671,Vanber
6672,Bruges
6673,Bourse
6674,mậu
6675,cỏi
6676,Balan
6677,Hunggari
6678,Séc
6679,nia
6680,ODA
6681,MA
6682,trendline
6683,Phân
6684,Basic
6685,basic
6686,Stochastic
6687,Oscillator
6688,MACD
6689,signal
6690,middle
6691,Bollinger
6692,Bands
6693,KIS
6694,VCBS
6695,Giả
6696,short
6697,chiu
6698,Nikkei
6699,Asean
6700,Review
6701,cù
6702,thoái
6703,VRE
6704,VDSC
6705,Lạm
6706,chiết
6707,Dornbusch
6708,Fisher
6709,Branson
6710,hoái
6711,Gavin
6712,huớng
6713,Nỗi
6714,VIX
6715,Volatility
6716,VND/USD
6717,KBC
6718,BMO
6719,CII
6720,DIG
6721,CEO
6722,VGC
6723,GEG
6724,sidway
6725,PTKT
6726,chùng
6727,CTG
6728,TPB
6729,VCI
6730,HBC
6731,Áp
6732,GEX
6733,PDR
6734,VIS
6735,VNindex
6736,sideway
6737,PVB
6738,PXS
6739,PVN
6740,Nguyệt
6741,Block
6742,Ô
6743,Brent
6744,GTN
6745,VSC
6746,ảm
6747,break
6748,out
6749,xen
6750,UBCKNN
6751,TBTCVN
6752,SGDCK
6753,VSD
6754,Phổ
6755,thiết
6756,kế
6757,CK
6758,hặc
6759,interrnet
6760,TK
6761,cafef
6762,vietstock
6763,chungkhoanaz
6764,TTCKVN
6765,Luat
6766,Nghiep
6767,Dau
6768,Tu
6769,hàm
6770,TTGDCK
6771,HASTC-Index
6772,OTC
6773,UpCom
6774,HoSE
6775,TTLKCK
6776,Tp.HCM
6777,rụt
6778,rè
6779,Brexit
6780,/năm
6781,free
6782,float
6783,ETF
6784,VSH
6785,PPC
6786,DPM
6787,PVI
6788,BVH
6789,USD/VND
6790,Rạng
6791,đồng/kg
6792,đồng/tấn
6793,VnDirect
6794,ắt
6795,Ngưỡng
6796,bấy
6797,large
6798,cap
6799,Chốt
6800,MidCap
6801,Dường
6802,view
6803,Dow
6804,Industrial
6805,Average
6806,Nasdaq
6807,DAX
6808,FTSE
6809,CAC
6810,TOPIX
6811,yên/đô
6812,CKPS
6813,Yếu
6814,naked
6815,selling
6816,HĐTL
6817,HĐQC
6818,UBCK
6819,GDCK
6820,XVII
6821,tulip
6822,FIA
6823,Futures
6824,Industry
6825,Latin
6826,CAR
6827,Basel
6828,VietinBank
6829,đồng/trái
6830,NCB
6831,loãng
6832,ROA
6833,mía
6834,HAG
6835,TPDN
6836,DIC
6837,FLC
6838,Khá
6839,OGC
6840,HDBank
6841,le
6842,tẻ
6843,lobby
6844,xở
6845,xám
6846,chùn
6847,NH
6848,PHTP
6849,đần
6850,nhiền
6851,bóp
6852,Vay
6853,cty
6854,NHTM
6855,dầy
6856,SeABank
6857,SeANet
6858,Banking
6859,quầy
6860,Nạp
6861,tiền
6862,điện
6863,thoại
6864,toán
6865,hóa
6866,Fintech
6867,thặng
6868,Report
6869,coding
6870,unit
6871,TCTD
6872,VAMC
6873,Vietinbank
6874,NIM
6875,ĐHCĐ
6876,Làn
6877,CMCN
6878,trỗi
6879,HoREA
6880,NHTMCP
6881,CSTT
6882,banking
6883,Kéo
6884,Maritime
6885,QR
6886,code
6887,Pay
6888,Mastercard
6889,wifi
6890,dãy
6891,mống
6892,PIN
6893,M-QR
6894,VNPay
6895,Payoo
6896,QR-code
6897,Tokenization
6898,bancassurance
6899,Tehcombank
6900,Initial
6901,Equity
6902,Offering
6903,đồng/cổ
6904,viêc
6905,Luxembourg
6906,Malta
6907,Slovak
6908,Tiểu
6909,Ả
6910,lốt
6911,lình
6912,xình
6913,IMF
6914,Sắc
6915,KLB
6916,BAB
6917,WTI
6918,USD/thùng
6919,BBT
6920,deleveraging
6921,oversold
6922,Shenzhen
6923,MSCI
6924,Cơn
6925,ngoắt
6926,Donald
6927,Navarro
6928,BVSC
6929,NAV
6930,OI
6931,Vn-Index
6932,PNJ
6933,GTNfoods
6934,nhúc
6935,LDG
6936,test
6937,VIB
6938,ROAA
6939,ROAE
6940,ngút
6941,Warrant
6942,Buffet
6943,P/E
6944,Margin
6945,Vinhomes
6946,deal
6947,RSI
6948,long
6949,basis
6950,DongABank
6951,Xoay
6952,LNH
6953,VND-USD
6954,Bancassurance
6955,Credit
6956,Suisse
6957,Thỏa
6958,bluechips
6959,BIDV
6960,VNĐ/USD
6961,Bath
6962,Rupiah
6963,Peso
6964,Rupee
6965,CNY
6966,USD/NDT
6967,Tundra
6968,Vinfast
6969,PMI
6970,Thổ
6971,Nhĩ
6972,Philipines
6973,Đòi
6974,'là
6975,kĩ
6976,bạn
6977,cần
6978,và
6979,có
6980,những
6981,nghiệm
6982,việc
6983,đầu
6984,thật
6985,sự
6986,Dưới
6987,là
6988,bước
6989,chứng
6990,khoán
6991,với
6992,ít
6993,rủi
6994,để
6995,thể
6996,vừa
6997,học
6998,thực
6999,hành
7000,hiệu
7001,quả
7002,nhất
7003,Tìm
7004,hiểu
7005,về
7006,các
7007,loại
7008,khác
7009,Nếu
7010,người
7011,hoàn
7012,toàn
7013,mới
7014,hãy
7015,tìm
7016,nó
7017,trước
7018,Bạn
7019,bắt
7020,đọc
7021,sách
7022,bản
7023,được
7024,đề
7025,cập
7026,bài
7027,viết
7028,lớp
7029,tự
7030,cứu
7031,thị
7032,trường
7033,tín
7034,ETFs
7035,đạt
7036,quỹ
7037,phí
7038,ẩn
7039,quá
7040,mức
7041,của
7042,k
7043,tổ
7044,chức
7045,chính
7046,cộng
7047,đồng
7048,Demos
7049,bố
7050,thì
7051,giá
7052,thành
7053,sử
7054,dụng
7055,hết
7056,mình
7057,hoạch
7058,GPI
7059,Payments
7060,Innovation
7061,Initiative
7062,SWIFT
7063,Zalo
7064,dẫy
7065,giăng
7066,lùa
7067,tròng
7068,nớt
7069,úp
7070,xoáy
7071,Hiểu
7072,nỗ
7073,lực
7074,đánh
7075,bại
7076,nhà
7077,thường
7078,ko
7079,vì
7080,họ
7081,bán
7082,khoảng
7083,thời
7084,hợp
7085,lí
7086,hầu
7087,một
7088,nào
7089,cả
7090,market
7091,Bear
7092,xuống
7093,lợi
7094,nhuận
7095,chỉ
7096,số
7097,Để
7098,vào
7099,đà
7100,Việt
7101,tài
7102,phát
7103,triển
7104,hối
7105,phiếu
7106,chấp
7107,nhận
7108,mà
7109,quyết
7110,định
7111,tỉ
7112,lệ
7113,cổ
7114,trái
7115,cạnh
7116,đó
7117,khoản
7118,tính
7119,biến
7120,hiện
7121,mất
7122,Một
7123,đã
7124,chuẩn
7125,bị
7126,đầy
7127,đủ
7128,yếu
7129,tố
7130,chiến
7131,lược
7132,hoặc
7133,cố
7134,vấn
7135,làm
7136,ủy
7137,thác
7138,bỏ
7139,Dù
7140,bất
7141,kể
7142,đến
7143,mục
7144,lời
7145,dự
7146,trù
7147,phá
7148,hủy
7149,sẻ
7150,Motif
7151,Investing
7152,rất
7153,mạnh
7154,từ
7155,này
7156,Chính
7157,vậy
7158,sẽ
7159,khốc
7160,liệt
7161,vọng
7162,giảm
7163,thiểu
7164,tối
7165,giúp
7166,trở
7167,trap
7168,’
7169,Nửa
7170,uptrend
7171,downtrend
7172,‘
7173,ngoảnh
7174,dưng
7175,Robbins
7176,Soros
7177,Dent
7178,hế
7179,Dotcom
7180,Khủng
7181,Baby
7182,Boomer
7183,Bong
7184,Cuốn
7185,múc
7186,đèo
7187,nhặt
7188,toi
7189,mạng
7190,vẫn
7191,nói
7192,rằng
7193,khoác
7194,lác
7195,khứ
7196,mập
7197,mờ
7198,tại
7199,ỡm
7200,ờ
7201,Vì
7202,lại
7203,phải
7204,biểu
7205,cũng
7206,vẻ
7207,Khổng
7208,tái
7209,thế
7210,ngẫm
7211,kỹ
7212,đúng
7213,Suy
7214,cùng
7215,giàu
7216,tỷ
7217,phú
7218,sớm
7219,nhiều
7220,cá
7221,Mỹ
7222,thống
7223,gần
7224,đoán
7225,đều
7226,Ở
7227,chắc
7228,lắm
7229,Não
7230,Đau
7231,Large
7232,Cap
7233,MWG
7234,loanh
7235,Chuỗi
7236,Tencent
7237,bull
7238,Xiaomi
7239,Meituan
7240,Dianping
7241,Tower
7242,nhuốm
7243,SHB
7244,Giằng
7245,NLG
7246,TCH
7247,PVT
7248,PCN
7249,PNC
7250,nêm
7251,Xác
7252,siêng
7253,rưỡi
7254,USD/tháng
7255,phiến
7256,SPR
7257,Libya
7258,WorldCup
7259,big
7260,boy
7261,bĩ
7262,FMC
7263,Vicoston
7264,VCS
7265,EBITDA
7266,PPG
7267,BSC
7268,Tựu
7269,VCSC
7270,SET
7271,JCI
7272,PCOMP
7273,bộn
7274,Mirae
7275,Asset
7276,triễn
7277,Cover
7278,hedging
7279,đìu
7280,hiu
7281,NĐTNN
7282,Air
7283,Force
7284,One
7285,phình
7286,lợn
7287,NHTW
7288,PBOC
7289,Dữ
7290,Dagong
7291,dẳng
7292,lụy
7293,Ulrich
7294,Fitch
7295,Ratings
7296,ANZ
7297,ray
7298,Sợ
7299,stoploss
7300,CSI
7301,Thận
7302,giềng
7303,Lướt
7304,gán
7305,SSE
7306,Black-Scholes
7307,lằn
7308,ranh
7309,khoát
7310,VIN
7311,MG
7312,CNBC
7313,Berkshire
7314,Hathaway
7315,Warren
7316,Buffett
7317,ngụy
7318,Đằng
7319,Lynch
7320,Angela
7321,Merkel
7322,Richard
7323,Grenell
7324,đồng/cp
7325,Nhựa
7326,ớt
7327,Trade
7328,war
7329,nạt
7330,Chongyang
7331,bluechip
7332,ChiNext
7333,Nợ
7334,Xử
7335,penny
7336,HĐTV
7337,Bốn
7338,ứ
7339,quân/phiên
7340,EPS
7341,phọng
7342,thụt
7343,Morgan
7344,Kịch
7345,Thước
7346,whiskey
7347,Mấy
7348,Kêu
7349,Kolanovic
7350,tweet
7351,cuôc
7352,dấy
7353,hi
7354,móng
7355,khuấy
7356,Hou
7357,Kèm
7358,cốc
7359,Pictet
7360,Hungary
7361,nành
7362,tỏng
7363,đao
7364,khiên
7365,chẳn
7366,Franc
7367,thùng/ngày
7368,Vienna
7369,USD/ounce
7370,Obama
7371,SDR
7372,DM
7373,Inflow
7374,xướng
7375,đớn
7376,Đấy
7377,kẹt
7378,logic
7379,ttck
7380,việt
7381,donald
7382,trump
7383,tpp
7384,usd
7385,bvsc
7386,ts
7387,dn
7388,fdi
7389,dẫm
7390,vcci
7391,rạn
7392,nứt
7393,tuấn
7394,hlv
7395,j.low
7396,confederations
7397,die
7398,mannschaft
7399,world
7400,ginter
7401,süle
7402,goretzka
7403,demirbay
7404,stindl
7405,werner
7406,younes
7407,clb
7408,đtqg
7409,australia
7410,lúng
7411,chile
7412,pizzi
7413,copa
7414,america
7415,alexis
7416,sanchez
7417,cameroon
7418,arsenal
7419,vidal
7420,bế
7421,q.
7422,thạnh
7423,marina
7424,tower
7425,ldg
7426,group
7427,sài
7428,gòn
7429,ngậu
7430,diễm
7431,my
7432,phan
7433,abitrator
7434,israel
7435,pv
7436,him
7437,...
7438,nsnd
7439,đl
7440,ê-kíp
7441,facebook
7442,chĩa
7443,adn
7444,nhếch
7445,mép
7446,man
7447,nadav
7448,feldman
7449,trailer
7450,chột
7451,akansha
7452,kanpur
7453,uttar
7454,pradesh
7455,jagriti
7456,sonia
7457,singh
7458,gút
7459,tphcm
7460,uric
7461,viêm
7462,dạ
7463,cortisol
7464,cồn
7465,paris
7466,emmanuel
7467,batallan
7468,thạch
7469,gen
7470,chờn
7471,bổ
7472,cường
7473,sức
7474,sen
7475,nhừ
7476,nhĩ
7477,vừng
7478,gạn
7479,gừng
7480,mắm
7481,muối
7482,xào
7483,nạc
7484,nõn
7485,súp
7486,lươn
7487,xoong
7488,tỏi
7489,đun
7490,váng
7491,bã
7492,dê
7493,ếch
7494,truật
7495,om
7496,cút
7497,nấm
7498,mèo
7499,dưa
7500,rán
7501,luộc
7502,răm
7503,thpt
7504,porsche
7505,chungnhom.vn
7506,rolex
7507,mạt
7508,rayban
7509,vertu
7510,kh
7511,cn
7512,hermes
7513,international
7514,phẩm/dịch
7515,nsnn
7516,formosa
7517,gdp
7518,takeesha
7519,roland-jenkins
7520,between
7521,us
7522,clinic
7523,bustle
7524,diệu
7525,nbc
7526,hormone
7527,oxytocin
7528,lipid
7529,cholesterol
7530,đh
7531,oxford
7532,adrenaline
7533,justin
7534,lehmiller
7535,harvard
7536,dopamine
